评分,comments
5,到达 杨堤 之后 便 可以 乘坐 竹筏 畅游 漓江 ， 两岸 数不清 自然景观 萦绕在 身边 ， 热情 船家 还 能 根据 客户 不同 需求 进行 针对 不同 景观 讲解 ， 但是 很 可惜 ， 画 壁上 只 看见 5 个 马 ， 但 无论怎样 ， 还是 很 感叹 。
5,九马 画山 漓江 画廊 最 著名 景点 之一 。 游船 临近 阳朔 ， 船头 右前方 出现 一座 黑白 颜色 分明 山 ， 船家 说 山体 图案 组成 九匹 马 ， 但 一般 很 难 短时间 内能 出来 。 据说 当年 敬爱 周恩来 总理 携 陈毅 元帅 游 漓江 ， 周恩来 总理 很 短 时间 找出 全部 九匹 马 ， 陈毅 元帅 只 找到 七匹 ， 就此 传为佳话 。 遗憾 当天 漓江 江面 雾气 较大 ， 影响 画面 质量 。
5,九马 画山 漓江 游玩 最 著名 景点 之一 。 漓江 此处 拐 弯 ， 一座 黑白 颜色 分明 山 船头 前方 出现 ， 引起 人们 注意 。 据说 山体 黑 白色 组成 九匹 马 图案 ， 不过 需要 丰富 想象 才能 勾画出 图案 ， 一般 很 难 短时间 内能 出来 。
4,从 杨堤 坐 竹筏 游 漓江 九马 画山 走 往返 ， 一路上 风景 如诗如画 ， 让 陶醉 ， 九马 画山 ， 游 漓江 著名景点 之一 ， 但 时候 ， 天公不作美 ， 雾气 比较 大拍 照片 朦朦胧胧 。
5,阳朔 山水 甲 桂林 ！ 从兴坪 古镇 九马 画山 这段 风景 最 漂亮 ， 山清水秀 。 坐 上 船头 ， 泛舟 漓江 ， 宛若 画中游 ， 沉醉 不知 归路 。 来到 这里 ， 让 觉得 彻底 远离 大城市 喧嚣 与 浮躁 ， 感受 难得 放松 与 惬意 。 但是 来 阳朔 玩 ， 联系 选择 合适 时间 ， 避开 节假日 ， 要不然 很 容易 遭罪 。
4,做 电动 竹筏 从 杨堤 码头 马山 码头 。 一路 山水画 廊 美景 之中 ， 或 蓝 或 绿 清澈 透亮 漓江 水 ； 或 圆润 或 尖 耸 山峰 任凭 想象 吧 。 九马 不是 常人 能 看全 哦 ， 费心 机去 寻找 。 两岸 伴着 刚毅 山峰 凤尾竹 摇曳 ， 刚柔 相伴 恰到好处 。 水道 蜿蜒 ， 常常 峰回路转 惊喜 。 美中不足 竹筏 伐 工 除了 听到 他 接电话 ， 没有 开过 腔 。 知道 是因为 他 多 厌恶 这份 工作 ， 还是 里面 还有 什么 道 道 。
5,九马 画山 ， 顾名思义 九匹 马 ， 开始 还 以为 山 形状 像 马 ， 找个 半天 发现 不是 ， 船家 给 指 一下 顿悟 ， 很大 一座 山 ， 山 这面 平 ， 山面 纹路 从 远处 九匹 马 ， 据说 总理 没 看出 九匹 马 ， 只 看出 一匹 ， 我爸 看出 八匹 ， 够 厉害
5,清明 澄澈 漓江 水边 罗列 着 无数 秀丽 奇特 山 ， 这百来 里 如画 江山 又 数九 马画山 最 奇特 。 一座 峰峦 重叠 大山 象 给 什么 神 斧劈 一半 ， 再 经过 打磨 似的 ， 光滑 平展 如同 一块 巨大 无比 画布 ， 这块 高悬 青天 上 大 画布 上面 ， 画 着 一幅 气势雄伟 万马奔腾 图 ， 那些 马 栩栩如生 样子 真是 鬼斧神工 。 九马 画山 漓江 东岸 画 山村 附近 ， 距 桂林 约 60 公里 处 ， 山高 400 余米 ， 宽 200 米 。 马图 呈 九首 ， 奇物 人间 。 山面 如削 ， 石壁 上 白 、 黄 、 灰 、 黑等色 ， 色彩斑斓 ， 呈现 出马 画像 ， 名画 山 ， 马图 最多 可见 九匹 ， 又名 九马 画山 。 细看 山壁 石纹 可 依稀 辩出 群马 形象 。 九马 画山 大自然 笔墨 奇观 。 一般 坐 游船 或 竹筏 游览 ， 船行 这里 ， 距离 阳朔县 城 不远 哦 。 乘坐 游船 是从 桂林 竹江 码头 阳朔 码头 ， 船行 时间 大约 4 小时 ， 途径 杨堤 、 九马 画山 、 黄布 倒影 等 漓江 沿岸 精华 景点 ， 而且 游船 上 讲解 ， 精华 景点 自动 开启 讲解 模式 。
5,九马 画山 是从 桂林 坐 游船 游 漓江 阳朔 时 景点 ， 据说 远看 山体 不同 颜色 加上 树木 形成 九个 不同 型 壮马 样子 ， 主要 还是 要 凭 想象 。 离兴坪 古镇 没有 多远 。 时间 充足 的话 可以 浅滩 地方 玩玩 水 。 需要 注意 岸边 蚊子 比较 多 。
4,中午 天 放晴 ， 超爽 。 虽然 30 多度 气温 ， 但 感受 却是 丝丝 凉爽 ， 一路上 还有 一群 白鸟 嬉戏 ， 湛蓝 天 碧绿 水 ， 让 心情 很 舒畅 。 国庆 缘故 ， 此 行程 是从 兴坪 竹排 码头 出发 ， 不是 兴坪游 渔码头 ， 到达 九马 画山 原路 返回 。 1 个 小时 行程 还是 蛮 惬意
5,桂林 漓江 九马 画山 ， 如果 静下心来 ， 就是 一副 山水画 ， 九马 画山 没有 人工 划 竹筏 ， 电动 ， 来回 45 分钟 时间 ， 如果 人工 划要 两个 小时 。 那天 天气 好 ， 漓江 泥水 没有 翻上来 ， 漓江 很 美九马 画山 很 美 。
5,20 元 人民币 背面 景色 ， 坐 电动 竹笺 ， 很 值得 一玩 。 漓江 上 最 代表 特色 一段 ， 江 上风 很 冷 ， 需要 穿厚 些 。 来回 小时 左右 ， 可看性 大 。
5,九马 画山 桂林 漓江 景区 重要 景点 ， 以 其 独特 自然景观 丰富 文化 内涵 吸引 众多 游客 。 地理位置 九马 画山 位于 广西壮族自治区 桂林市 阳朔县 兴坪 镇 漓江 边 ， 距离 兴坪 古镇 约 四公里 。 游客 可以 从兴坪 朝板 山 码头 乘坐 游船 ， 沿着 漓江 欣赏 两岸 美景 ， 途中 即可 观赏 九马 画山 。 景观 特色 九马 画山 一座 由 九座 山峰 相连 大 石山 ， 耸立 漓江 江畔 。 其 山体 石壁 高 、 阔 各 一百多米 ， 石壁 上 岩石 颜色 多样 ， 赭 、 黄 、 绿 、 白等 ， 这些 颜色 交织 一起 ， 形成 一幅 天然 骏马 图 。 从 不同 角度 位置 观察 ， 这些 骏马 形态各异 ， 奔腾 ， 饮水 ， 思考 ， 仿佛 一幅 生动 画卷 。
5,📍 位置 ： 广西 桂林市 ， 距离 桂林 市区 56 公里 🌄 阳朔 美 ， 真的 无法 用 语言 来 形容 。 它 像是 藏 山水画 世外桃源 ， 让 心旷神怡 。 踏上 这片 土地 ， 能 感受 那种 清新自然 气息 ， 仿佛 所有 烦恼 随风而逝 。 🏞 ️ 自然风光 ： 阳朔 山水 出了名 美 。 可以 乘坐 竹筏 漂流 大自然 鬼斧神工 。
5,漓江 ， 属 珠江流域 西江 水系 ， 为 支流 桂江 上游 河段 通称 ， 位于 广西壮族自治区 东北部 。 传统意义 上 漓江 起点 为 桂江 源头 越城岭 猫儿山 ， 现代 水文 定义 为 兴安县 溶江镇 灵渠 口 ， 终点 为 平乐 三江口 。 漓江 上游 河段 为 大溶江 ， 下游 河段 为 传统名称 桂江 。 灵渠 河口 为 桂江 大溶 江段 漓江 段 分界点 ， 荔浦 河 、 恭城 河口 为 漓江 段 桂 江段 分界点 。 漓江 段 全长 164 公里 。 沿江 河床 多为 水质 卵石 ， 泥沙 量 小 ， 水质 清澈 ， 两岸 多为 岩溶地貌 。 旅游 资源 丰富 ， 著名 桂林山水 漓江 上 。
5,九马 画山 漓江 一处 有名 景色 ， 美丽 山峰 矗立 漓江 岸边 ， 垂直 山崖 上 错落有致 生长 着 各种 植物 ， 构成 各种 骏马 图案 ， 象 低头 吃 草 ， 象 扬蹄 飞奔 ， 传说 能 看出 五只 就是 很 聪明 ， 郭沫若 看出 七只 ， 周总理 则 看出 九只 骏马 。
4,游船 段 最 精华 景点 ， 由于 漓江 此处 拐 弯 ， 庞大 山体 远远 像 一堵 墙挡 江面 上 。 也许 这样 ， 便 引起 人们 注意 。 第一次 来 天气 不太好 ， 有点 雾 霾 ， 远看 效果 不佳 ， 第二次 来 得 清晰 多 。 只 可惜 恕 愚钝 ， 还是 看不出 九只 马来 ， 只有 中间 两头 最为 形象 。 船至 此处 多为 用餐 高峰 时段 ， 很多 要么 吃 ， 要么 抢 自助餐 ， 再 听到 广播 涌出 船舱 ， 有点 混乱 。 想 占 个 好 角度 请 提前 定好位 准备 哦 。
5,九马 画山 景区 漓江 边上 旅游胜地 ， 她 临江 而立 ， 石壁 如削 ， 景致 迷人 。 九马画 山下 峡谷 漂流 更是 天下 一绝 ， 咫尺 漓江 300 米 ， 独特 漂流 河道 设计 让 游客 如入 仙境 博舟 ， 似 画 畅游 。
5,九马 画山 桂林 漓江 风景区 主要 景点 之一 ， 距离 兴坪 古镇 5 至 6 公里 ， 徒步 漓江 ， 从兴坪 古镇 出发 ， 步行 一个多 小时 才 走 九马 画山 ， 沿江 风光秀丽 ， 优美 自然 ， 空气清新 ， 适合 休闲 旅游 。
5,九马 画山 是从 桂林 坐 游船 游 漓江 阳朔 时 景点 ， 人民币 二十元 背面 景色 就是 这里 ， 据说 远看 山体 不同 颜色 加上 树木 形成 九个 不同 型 壮马 样子 ， 主要 还是 要 凭 想象 。 离兴坪 古镇 没有 多远 。
5,乘船 从 桂林 竹江 码头 乘 游船 阳朔 。 游船 漓江 上 行驶 ， 中途 经过 不少 著名景点 。 九马 画山 就是 其中 比较 著名 景点 。 山体 很大 ， 面对 漓江 一面 ， 上下 山势 比较 陡峭 ， 切面 比较 平整 ， 像 一扇 屏风 面对 江水 。 山上 树木 植被 ， 山体 皲裂 褶皱 ， 地形 高低 起伏 ， 人们 想象 ， 这些 因素 组合 造就 不同 动物 形象 。 据说 可以 山崖 上 看到 九匹 马 ， 想象力 越 好 ， 看到 越 多 。 不少 游客 乘船 游 时候 ， 这里 数数 多少 匹马 。 过 九马 画山 ， 行船 不远 兴平 镇 。
5,漓江 风光 阳朔 段 ， 冬天 漓江 水 非常 清澈 ， 绿水青山 就是 金山 银山 指导思想 下 ， 桂林 山水 愈发 美丽 ！ 九马 画山 码头 上 坐 上 电动 筏子 溯江而上 ， 一江 美景 熟悉 好似 昨日 ， 记忆 漓江 水 应该 这样 ， 天若 再 暖 点 更好 ！ 【 景色 】 【 趣味 】 【 性价比 】
4,九马 画山 ， 中国 广西省 漓江 精華段 之 美景 代表 ， 其位 於 桂林 與 阳朔 之间 兴坪 镇 ， 可由兴 坪 镇 徙步 前往 或 乘船 观覽 ， 画山 景观 奇特 ， 仿如 九 隻 骏马 躍腾 其间 ， 漓江 之 主角 ， 亦 漓江 之靈魂 ， 绝对 人生 定必 一遊 之 。
5,九马 画山 漓江 山水 最 经典 景观 之一 ， 岸上 或者 游船 上 远远望去 ， 凭借 想象力 ， 可以 山壁 上 看到 骏马 图案 ， 据说 能 看出 九匹 马 状元 之才 。
5,很大 一块 石头山 ， 临江 一面 几乎 垂直 ， 加上 天马行空 图案 ， 被 称之为 九马 画山 。 古镇 这边 的话 可以 开车 九马 画山 码头 ， 轮渡 口 坐个 轮渡 过去 ， 冷水 码头 刚好 可以 看九马 画山 。 渡口 两边 景色 不错 。
5,各个 角度看 九马 画山 一样 。 侧面 ， 甚至 像 一峰 半卧 骆驼 。 正面 ， 要 仔细 分辨 ， 更 多 一种 写意 山水 可 意会 不可言传 。 漓江 很 美 ， 阳朔 很 美 。 最美 风景 还是 心中 。
5,桂林山水 甲天下 ， 走 哪里 展开 精美 中国 山水画 卷 。 沿着 漓江 一路 山水 丰润 ， 至兴 平民 镇段 便是 著名 九马 画山 景区 。 溯江而上 四公里 处 。 临江 而立 ， 石壁 如削 ， 远望 如 一幅 巨大 画屏 ， 山石 削壁 屏立 ， 高 、 阔 各 一百多米 。 石壁 上 赭 、 黄 、 绿 、 白 ， 五彩斑斓 ， 浓淡 相间 ， 班驳 致 ， 宛若 巨幅 壁画 ， 因而 叫 画山 。 细看 九马 画山 ， 石壁 顶端 、 下方 、 左边 、 右边 鱼尾 峰 上 合共 九匹 马 ， 故称 九马 画山 。 山麓 还有 饮马 泉 ， 泉旁 石壁 上 刻有 清代 阮元 “ 清漓 石壁 图 ” 几个 字 。 九马 画山 五峰 连属 ， 东南 北三面 环山 ， 西面 削壁 临江 。 清代 诗人 徐弓 赞道 ： “ 自古 山如画 ， 如今 画 似山 。 马图 呈 九首 ， 奇物 人间 ” 。
4,一路上 一直 说 漓江 没有 见到 九马 画山 ， 老大哥 听闻 ， 带 走 一条 从来 没有 游客 去过 通往 九马 画山 神秘 小路 ， 回来 跟 同事 讲 ， 同事 说 ， 九马 画山 从没 看到 这个 浅水 地方 ， 骄傲 告诉 他 ， 这条 路 一条 未经 开发 神秘 小路 。 不多 说 ， 上 图 。
5,九马 画山 桂林 漓江 精华 景点 ， 位于 阳朔县 兴坪 镇 该 景区 九峰 相连 ， 耸峙 漓江 大 石山 。 这里 。 因 山形 独特 ， 形状 似山 壁画 有九皮 骏马 得名 。 九马 画山 群山环绕 ， 宛若 巨幅 壁画 ， 因此 叫做 画山 。
5,九马 画山 漓江 杨堤 至 马山 一段 。 从 杨堤 坐 竹筏 一路 往 下游 ， 能 看到 多个 景观 ， 两岸 山峰 此起彼伏 ， 连绵不绝 ， 给 感觉 非常 舒心 愉悦 。 特别 九马 画山 ， 这是 大自然 鬼斧神工 ， 犹如 一幅 泼墨山水 画 ， 十分 巧妙 。
5,九马 画山 漓江 漂流 最 精华 景点 ， 临江 山壁 又 如 一幅 巨大 画面 ， 据说 仔细观看 能 看出 一幅 九马图 ， 当然 不是 每个 能 出来 ， 能 出来 不是 一般 ， 好像 看出 7 匹
5,携程 订 九马画 山票 ， 负责 接送 ， 从 阳朔县 城到 兴坪 镇 大巴 ， 然后 再 坐 电瓶车 乘船 点 ， 最后 原 路 返回 ， 全程 一位 导游 安排 取票 什么 ， 省 很多 麻烦 。 提醒 一下 ， 乘船 点 检票口 ， 向 回 走 几步 能 看到 20 元 人民币 那个 景 。 还有 如果 天气 好 ， 最好 坐 竹筏 ， 视线 更好 ， 竹筏 调头 返回 地方 ， 就是 那个 能 看到 九匹 马 山 ， 注意 拍照 ！ 另外 注意 ， 阳朔县 高铁 站 兴坪 镇 ， 打算 坐 高铁 朋友 可以 把 九马 画山 安排 最后 一站 ， 游完 不用 再 回到 阳朔县 城 ， 省 再 专程 坐车 再 来 ！
5,时 适逢 下雨 ， 绵绵 阴雨 造就 漓江 如烟 似雾 画境 ， 美不胜收 ， 虽然 冷 要命 却 值得
5,一路 从兴坪 古镇 搭车到 渡口 ， 坐 渡船 对岸 九马 画山 ， 九马 全看 出来 。 路上 还 经过 二十元 人民币 景点 黄布 倒影 ， 绝对 超值 。
4,随着 旅游 过度 开发 ， 能 拍 最好 位置 地方 让 当地 一些 村民 圈 起来 ， 进入 拍照 收 几元 ， 如果 爱 显摆 ， 还 可以 花 几十元 租 一套 民族服饰 穿 上 ， 好好 扮 一回 少数民族 ， 尽情 拍照 ， 不亦乐乎 ， 不过 观点 是不是 任何人 适合 穿 那些 民族服饰 ， 穿 好看 ， 有些 穿 太过 惊悚 ， 模样 惨不忍睹 啊 ， 有句 话 好像 说 “ 穿 上 龙袍 像 太子 ” ， 这次 真的 看见 那种 好多 哈哈哈 ， 自娱自乐 一下 ， 请勿 见怪 。
5,从 桂林 南郊 磨盘 山起 ， 进入 漓江 百里 画廊 ， 其中 最 著名 当属 “ 九马 画山 ” ， 高大 岩壁 上 ， 通过 想象 ， 人们 能 看出 九匹 形态各异 骏马 。 她们 回来 观望 ， 低头 饮水 ， 还有 奔腾 向前 。
5,九马 画山 ， 漓江 景区 最 经典 经典 之一 ， 看马郎 ， 看马郎 ， 看出 七匹 榜眼 ， 看出 九匹 状元郎 ， 当年 周总理 游 漓江 ， 看出 九匹 马 ， 您 看出 几匹马 呢 ？
5,漓江 漂流 很 好玩 ， 携程 订 折扣 还 不错 ， 只要 至少 提前 30 分钟 联系 取票 一般 挺 顺利 。 7 月 16 日 天气晴朗 ， 漓江 上 凉风习习 景色 优美 ， 点赞 。
5,九马 画山 风景 非常 秀丽 。 坐船 慢慢 观赏 两岸 风景 。 如果 想象力 丰富 的话 ， 可以 把 连绵不断 山峰 看成 一个个 人物造型 ， 欣赏 山水画 故事 。
5,九马 画山 一座 九峰 相连 ， 耸峙 漓江 江畔 大 石山 。 漓江 最 经典 景观 之一 ， 是从 杨堤 码头 坐 竹筏 九马画 山下 。 风景如画 ， 烟雨 漓江 。
5,九马 画山 桂林 漓江 著名 景观 之一 。 临江 而立 ， 石壁 如削 ， 远望 如 一幅 巨大 画屏 ， 山石 削壁 屏立 ， 高 、 阔 各 一百多米 。 石壁 上 赭 、 黄 、 绿 、 白 ， 五彩斑斓 ， 浓淡 相间 ， 班驳 致 ， 宛若 巨幅 壁画 ， 因而 叫 画山 。
5,感觉 游 半程 更好 ， 游 全程 的话 感觉 时间 有点 长 ， 风景 差不多 耶 。 但是 旅行 很 有趣 。 还有 就是 坐 竹筏 比 大船 好 。 坐 一趟 船 还是 很 值得 哟
4,桂林 非常 美的 风景 ， 像 一幅幅 美丽 风景画 ， 景色 超美 ， 风景秀丽 ， 空气清新 自然 ， 感觉 舒服 ， 像 画中游 ， 趣味性 强 ， 性价比 超高 。
5,九马 画山 景区 漓江 边上 旅游胜地 ， 她 临江 而立 ， 石壁 如削 ， 景致 迷人 。 九马画 山下 峡谷 漂流 更是 天下 一绝 ， 咫尺 漓江 300 米 ， 独特 漂流 河道 设计 让 游客 如入 仙境 博舟 ， 似 画 畅游 。 她 阳朔 风景区 唯一 集 漂流 、 溯溪 、 露营 、 徒步 、 攀岩 、 野战 、 滑道 、 户外 拓展 综合型 休闲 旅游 景区 ， 漓江 边上 最 精华 景色 ， 可 选择 徒步 或 骑车 游览 。 因此 ， 九马 画山 峡谷 漂流 被 中外 誉为 最具 人文 气息 峡谷 漂流 。
5,九马 画山 景区 位于 广西壮族自治区 桂林市 阳朔县 ， 葡萄 镇九马 画山 峡谷 景区 ， 上榜 桂林 登山 挑战 榜 第五名 。 九马 画山 桂林 漓江 一日游 重点 风景点 。 九马 画山 桂林 唯一 集 漂流 ， 登山 ， 玩水 ， 攀岩 徒步 于 一体 ， 不可多得 景区 。
5,九马 画山 景区 漓江 边上 旅游胜地 ， 她 临江 而立 ， 石壁 如削 ， 景致 迷人 。 九马画 山下 峡谷 漂流 更是 天下 一绝 ， 咫尺 漓江 300 米 ， 独特 漂流 河道 设计 让 游客 如入 仙境 博舟 ， 似 画 畅游 。 她 阳朔 风景区 唯一 集 漂流 、 溯溪 、 露营 、 徒步 、 攀岩 、 野战 、 滑道 、 户外 拓展 综合型 休闲 旅游 景区 ， 漓江 边上 最 精华 景色
4,九马 画山 阳朔 漓江 最 精华 路段 ， 这边 可以 找到 20 块钱 背景 ， 景色 真的 ， 相当 不错 ， 可惜 过来 时候 下 着 大暴雨 ， 所以 的话 ， 整个 漓江 水位 暴涨 ， 很多 道路 封闭 ， 所以 只 能够 一条 道路 上面 一下 ， 竹筏 停运 ， 可以 看到 九马 画山 另外 一面 算是 一种 幸运 吧 ！
4,2017 年末 从兴坪 徒步 过来 九马 画山 ， 她 位于 兴坪 溯江而上 四公里 处 马 山村 ， 兴坪 开始 这段 竹筏 漂流 终点 ， 马 山村里 找 新开 客栈 住 下 ， 顺着 安静 山村 小道 走 码头 ， 这里 渡轮 过 对面 小 村庄 ， 有步 道 可以 从 漓江 另一面 观看 九马 画山 景色 。 九马 画山 石壁 上 天然 壁画 ， 不过 如果 没有 旁边 卖 番薯 老人家 指点 ， 还是 很难 辨识 九马 ， 但 即便如此 ， 还是 只 认出 6 匹马 ， 如果 坐 竹筏 ， 像 这样 徒步 ， 现在 漓江 不是 水位 高 时候 ， 可以 直接 站 石滩 上 观看 连绵 山峰 。
4,过 画 山村 ， 九马 画山 岩石 旁 ， 路 没 只有 小 码头 ， 往前 继续 走 就要 坐船 摆渡 过去 （ 看九马 画山 全景 还是 要 摆渡 对岸 为 佳 ） ， 摆渡 费 10 元 ， 然后 往 一直 走 可以 走到 杨堤 。 多次 坐船 游 漓江 ， 多次 欣赏 过九马 画山 一景 ， 所以 没 摆渡 过江 。 然后 离开 九马 画山 岩石 旁 码头 ， 一路 慢慢 走 ， 走 回到 兴坪 码头 。 码头 上 68 元 坐船 往 渔村 游船 （ 上岸 ） ， 以前 一段 坐船 游过 ， 好久 景点 没 印象 ， 价格 贵 ， 于是 再 一次 坐船 从兴坪 游到 渔村 再 返回 ， 开始 第二个 行程 ：
4,已经 不知 哪里 老 村头 冷水 村 交界 ， 只 知道 一路 田园 风景 美 得 极好 ， 像 山水画 廊 一样 。 没有 漂流 竹筏 踪影 ， 估计 漓江 支流 所经 之处 。 它 那样 平静 幽幽 。 世外桃源 为 哪般 ？ 大概 就是 像 这样 一片 净土 差不多 吧 。 直到 前面 已 没有 车 可行 地方 时 ， 便 冷水 渡 渡头 。 开始 还 担心 前 无 去路 怎么办 ， 但 后来 一问 ， 车 可以 直接 过渡 ， 就是 10 元 / ， 5 元 / 台车 而已 。 两只 渡轮 轮流 往来于 江面 之上 ， 但 没有 多少 游人 。 可 不要 小看 冷水 渡是 个 小 渡头 。 它 风光 极好 。 旁边 就是 一片 卵石 滩 ， 还有 漓江 边 河滩 、 连山 美景 。 要是 骑车 ， 这里 徒步 行走 ， 步步 一景 啊 。 能待 上 一会 发 发呆 ， 看着 漓江 水 匆匆 ， 一种 享受 。
4,从九马 画山 顺流 漂 筏子 ， 挺 多 雾蒙蒙 山 像是 卧 江面 骆驼 漂九马 画山段 逆流 风 有点 大 。 穿厚 点 ， 最好 带 着 帽子 。 迎风 吹 冷 嗖嗖 没有 出来 多少 马匹 ， 可能 跟 角度 关系 完全 开阔 江面 。 很 难得 。 很 壮阔 水墨 烟雨 画
4,相传 九匹 马本 天宫 神马 ， 趁 齐天大圣 孙悟空 任 “ 弼 马温 ” 时 看管 不严 ， 便 偷下 凡间 。 不巧 漓江 边 饮水 时 ， 被 画工 看见 ， 画工 想 描绘下来 ， 结果 马群 受惊 ， 慌乱 误入 石壁 而永留 人间 。 由于 它们 均 为 神所变 ， 因而 形态 莫测 ， 难以辨认 ， 所以 历代 流传 这样 歌谣 ： “ 看马郎 ， 看马郎 ， 问 神马 几多 双 ？ 看出 七匹 榜眼 ， 能 九匹 状元郎 。 ”
4,九马 画山 游览 漓江 途中 一座 九峰 相连 大 石山 ， 据说 石壁 上 由 赭 、 黄 、 绿 、 白 自然 形成 一幅 壁画 ， 细看 九匹 马 ， 故称 九马 画山 。 但 要 看出 9 匹马 还 真不容易 ， 可能 一介 凡人 ， 反正 没有 看出 九匹 马 ， 能 看到 两匹 不错 ， 游览 玩 心情 ， 不要 太 较真 。
4,游览 漓江 九马 画山 一段 ， 马达声 哒 哒 得 响 ， 时不时 得 浅 起 水花 。 一船 被 四周 美景 惊呆 ， 惊叹声 不断 ， 齐刷刷 拿 手机 出来 拍 ， 昨天 遇 龙河 两种 味道 ， 遇 龙河 小家碧玉 ， 漓江 则 大家闺秀 。 这里 20 元 人民币 对照 图 ， 还有 奇形怪状 山 ， 山水 还是 美得 让 陶醉 ， 九马 画山 船家 还 让 上岸 游玩 一会 。
3,离 老街 有点 距离 ， 本来 想 步行 往返 ， 三轮车 兜生意 ， 幸好 最终 没有 靠 步行 ， 单程 就要 3 个 小时 左右 。 所以 最好 就是 坐车 过去 走 回来 或者 反过来 ， 但 不要 坐车 ， 不然 沿江 景色 根本 看不到 。 时候 人不多 ， 所以 很 清静 ， 很 适合 慢慢 游览 。
5,当时 是因为 晕车 不想 坐车去 ， 客栈 老板 给 推荐 路线 ， 后来 租 电车 ， 先到 相公 山看 “ 漓江 第一 湾 ” ， 下山 九马 画山 时候 刚好 下 大雨 ， 几个 坐在 九马 画山 对面 小摊 上 吃 炸 小鱼 ， 一边 吃 鱼 一边 找 九匹 马 怎么 ， 太 高深 看不出来 ， 江面 上 很多 小船 游轮 ， 加上 大雨 ， 这样 来看 漓江 九马 画片 ， 别 一番 情趣 。
4,一路上 一共 15 个 风景点 ， 全靠 想象 ； 印象 比较 深 就是 “ 九马 画山 ” ， 介绍 人员 说 这块 岩石 说 人才 可以 看到 9 匹马 ， 当年 记得 哪个 国家 领导 来 看出 9 匹马 ， 然后 让 ， 其实 一匹 马 看不出来 ； 这个 只 上 没有 什么 关系 ， 只是 噱头 ；
5,九马 画山 桂林 漓江 山水 里 最 著名 景点 ， 这座 山峰 高 五十多米 ， 山峰 立 面上 依 岩石 颜色 植物 分布 ， 构成 各种 画面 ， 经 仔细观察 ， 最多能 看出 九匹 骏马 。
4,九马画 宀 位于 桂林市 阳朔县 兴坪 镇 漓江 边上 ， 需 坐船 或 竹筏 进行 观赏 ， 九马 画山 一座 山石 削壁 屏立 大 石山 ， 石壁 上 五彩 色调 宛如 九匹 马 ， 但 只是 看出 七匹 。
5,阳朔 可以 坐车到 杨公堤 ， 然后 杨公堤 坐船 游览 观光 ， 九马画 山下 船 ， 步行 青岩 古镇 ， 途中 可以 看到 20 元 人民币 创作 原型 位置 ， 古镇 游玩 ， 可以 坐车到 阳朔
5,竹筏 四个 一组 ， 乘坐 竹筏 到达 九马 画山 ， 到达 开始 返程 回到 朝板 山 码头 。 到达 码头 竹筏 之旅 结束 。 就是 漓江 最 精华 部分 。
4,九马 画山 漓江 到阳溯 最 精华 景点 ， 坐在 游船 上 ， 凉风习习 ， 两边 景色 醉人 ， 九马 画山 ， 大家 努力 数着 能 看到 奔马 ， 数来数去 ， 只能 看出 五匹 马 。
5,确实 还是 不错 ， 风景秀丽 如画 ！ 已经 第二次 来 桂林 ， 前面 一次 已经 时隔 十数年 ， 桂林 这种 静逸 美 ， 跟 其它 名山大川 壮观 险峻 完全 一样 ， 宛如 小家碧玉 一般 亭亭玉立 ， 还是 让 流连忘返 ！
5,不愧 桂林山水 甲天下 ， 烟雨 蒙蒙 漓江 更是 美不胜收 ， 让 陶醉 其中 ， 流连忘返 。 甲板 上 留下 一家 幸福快乐 合影 ， 更是 觉得 不虚此行 。
5,如果 没有 坐 游轮 从 桂林 下 阳朔 ， 建议 一定 要 坐 这个 体验 一次 ， 大江 大河 之美 一样 。
5,"细看 九马 画山 ， 石壁 顶端 、 下方 、 左边 、 右边 鱼尾 峰 上 合共 九匹 马 , 故称 九马 画山 。 山麓 还有 饮马 泉 ， 泉旁 石壁 上 刻有 清代 阮元 “ 清漓 石壁 图 ” 几个 字 。"
5,九马 画山 ， 真的 像 画 一样 ， 去过 应该 记住 他 美丽 天然 ， 而且 记住 美景 不是 只有 设备 ， 还 游客 各自 心里 。 坐在 电动 竹筏 上 其实 有点 感觉 煞风景 ， 传 视频 事 把 马达 哄哄 鸿 突突 兔 声 给 弄 没 ， 其实 坐在 竹筏 上 这个 声音 一直 伴随 着 ， 恼人 厉害 。
5,九马 画山 景区 漓江 边上 旅游胜地 ， 她 临江 而立 ， 石壁 如削 ， 景致 迷人 。 九马画 山下 峡谷 漂流 更是 天下 一绝 ， 咫尺 漓江 300 米 ， 独特 漂流 河道 设计 让 游客 如入 仙境 博舟 ， 似 画 畅游 。 她 阳朔 风景区 唯一 集 漂流 、 溯溪 、 露营 、 徒步 、 攀岩 、 野战 、 滑道 、 户外 拓展 综合型 休闲 旅游 景区 ， 漓江 边上 最 精华 景色 ， 可 选择 徒步 或 骑车 游览 。
5,九马 画山 桂林 漓江 著名 景观 之一 ， 位于 兴坪 溯江而上 四公里 处 。 临江 而立 ， 石壁 如削 ， 远望 如 一幅 巨大 画屏 ， 山石 削壁 屏立 ， 高 、 阔 各 一百多米 。 石壁 上 赭 、 黄 、 绿 、 白 ， 五彩斑斓 ， 浓淡 相间 ， 班驳 致 ， 宛若 巨幅 壁画 ， 因而 叫 画山 。
5,漓江 上 坐船 时候 经过 这里 ， 坐 那种 轮渡 加上 一直 拍照 ， 并 没有 多 仔细 ， 应该 算是 整个 漓江 段 最 有名气 景点 ， 当年 周恩来 总理 一眼 看出 九匹 马 典故 ， 以此 判断 眼力 智商 高低 （ 当然 听 导游 介绍 ） 确实 有马 轮廓 ， 还是 挺 趣味性 ， 值得一看 。
5,石壁 如削 “ 九马 画山 ” 相传 所谓 马本 天宫 神马 ， 趁 齐天大圣 孙悟空 任 “ 弼 马温 ” 时 看管 不严 ， 便 偷下 凡间 ， 漓江 边 饮水 时 ， 被 画工 看见 ， 画工 想 描绘下来 ， 结果 马群 受惊 ， 慌乱 误入 石壁 而永留 人间 。 它们 形态各异 ， 时常 幻化 ， 但 真实 许久 ， 还 真 看不出 哪里 马头 ， 哪里 马身 ， 说明 还 真是 介草 民 ， 凡夫俗子 哟 。 据说 周恩来 总理 当年 游 漓江 时 ， 一眼 便 能 看出 九只 马 分布 何处 。 同游 陈毅 则 看出 七处 。 真是 神 一般 存在 呀 ！ 怪不得 美国 总统 克林顿 要 画山 欣赏 一趟 。
4,兴坪 九马 画山 漂流 不是 想象 竹筏 ， 一种 用 现代 工艺 编制 ， 准确 来说 应该 排筏 ， 后面 加 摩托车 似的 发动机 ， 40 分钟 左右 旅程 噪音 很大 ， 影响 心情 ， 感觉 破坏 如诗如画 景色 。 但是 这里 漂流 地点 20 元 人民币 背面 取景 ， 抛开 40 分钟 噪音 来说 还是 值得一看 。
5,马摆 大山 位于 麻乍乡 境内 ， 距 县城 40 公里 ， ， 山顶 平缓 ， ， 南北 长 7 公里 ， 面积 约 40 平方公里 。 该 山地 处 滇 黔 交界 ， 隶属 乌蒙山 脉 ， 重要 地理 分界线 ， 冬季 日照 数居 威宁 之 首 ， 风和日丽 ； 夏天 气候 凉爽 ， 绿草如茵 。
5,九马 画山 桂林 漓江 著名 景观 之一 ， 大自然 笔墨 奇观 。 从 桂林 沿着 漓江 漂流 下 ， 大约 过半 就是 九马 画山 。 山上 岩石 斑纹 好像 多匹 马在 奔腾 。
4,据 当地人 所 讲 ， 能 此处 看看 出 九匹 马 人定 非 凡夫俗子 。 周恩来 总理 ， 便是 其中 之一 。 一直 没有 数出 9 匹马 。 。 。 九马画 山上 植物 ， 真是 夹缝 求生存 啊 。
5,九马 画山 漓江 沿岸 著名 景点 。 与 杨堤 乡 兴坪 镇 之间 。 当年 周恩来 坐船 游 漓江 时候 ， 专程来 点评 一下 九马 画山 。 这种 凡夫俗子 只 看得出 五六匹 。
5,桂林 我国 最美 城市 ， “ 桂林山水 甲天下 ” 之 说 ， 漓江 则 有着 桂林 最美 山水 ， 从 桂林市 南 磨盘 山 开始 长 达 百里 ， 号称 百里 画廊 ， 其中 最 著名景点 九马 画山 。
5,跟着 旅行团 ， 从 杨堤 九马 ， 坐 电动 竹筏 ， 天气 很 好 ， 景色宜人 ， 果然 ： 桂林山水 甲天下 ， 阳朔 山水 甲 桂林 ， 很 值得 一去 ， 赞
4,其实 这个 景点 ， 觉得 九马 画山 本身 没 啥意思 ， 个 山峰 ， 说 山峰 上 大概 能 看出 九匹 马 ， 这个 比较 见仁见智 。 但 周围 有个 小 石滩 ， 坐 一会 ， 或者 下水 走走 还 可以 。 可以 看到 比较 大 游轮 机动 阀 竹筏 。 九马画 山要 做 渡轮 ， 来回 15 一人 。
5,以前 坐船 ， 现在 马山 码头 。 这里 水 很 浅 ， 清澈 ， 很多 这里 乘 竹筏 看九马 画山 兴坪 两岸 风景 。 居然 还有 跳进 水 游泳 。
5,九马 画山 ， 桂林 漓江 著名 景观 。 （ 当时 坐 竹筏 从 杨堤 向下 ， 筏工 给 基本 讲解 下 ， 并 停 二十几分钟 ） 这座 山壁 像 被 刻画 九匹 骏马 一样 ， 如奔 ， 如卧 ， 如嬉 ， 如啸 ， 栩栩如生 。 画中 各种 形态 骏马 ， 低头 饮水 ， 昂首 嘶鸣 ， 扬蹄 飞奔 ， 静静 伫立 。 建议 ： 1 . 九马 画山 需要 认真 ， 一般 一眼 只能 看出 两匹 。 十几分钟 ， 筏工 指出 三 四匹 ， 又 问 几个 游客 ， 最后 看出 七匹 来 。 （ 虽然 叫九马 画山 ， 真的 能 找 很少 ） 2 . 九马 画山 旁边 有个 小 沙滩 ， 很多 筏工 这里 停 。 但是 如果 要求 停 ， 筏工 还是 停 。 3 . 来 杨堤 坐 竹筏 最好 早点 ， 早上 云雾 更美 。 4 . 最好 提前 找 好 筏工 ， 不然 当地 被 坑 不少 钱 。
5,漓江 上 ， 阳朔 兴坪 古镇 境内 非常 有名 景点 ， 九马 画山 。 而且 还有 动人 典故 ， 具体 细说 。 只要 来 这里 数一下 几匹马 ？ 传说 看出 九匹 马 可以 当 状元 。 周恩来 总理 来看 过 喔
5,怎么 数 . 只有 7 匹马 . 为什么 叫九马 画山
4,漓江 兴坪 古镇 段 ， 需要 轮渡 对岸 才能 看到 。 这是 大自然 岩壁 下画 下 一幅 水墨画 ， 宛如 一群 骏马 云中 奔腾 。 嘶鸣 ， 怒吼 ， 互相 追逐 ， 气势 雄壮 。 给 清秀 漓江 平添 一份 豪情 。
5,壁上 赭 、 黄 、 绿 、 白 ， 五彩斑斓 ， 浓淡 相间 ， 班驳 致 ， 宛若 巨幅 壁画 ， 因而 叫 画山 。 细看 九马 画山 ， 石壁 顶端 、 下方 、 左边 、 右边 鱼尾 峰 上 合共 九匹 马 ， 故称 九马 画山 。
5,跟 团队 旅游 ， 坐船 游览 。 九马 画山 整个 桂林山水 比较 出名 部分 ， 当地人 说 这座 山上 秃 部分 ， 能 出来 九匹 马 形状 ， 所以 叫做 九马 画山 。
5,桂林山水 甲天下 ， 阳朔 山水 甲 桂林 ， 既然 旅游 ， 桂林 阳朔 山水 一定 要 一下 ， 做 竹筏 ， 现在 电动 ， 白马 华山 必须 看一看
5,有种 大开眼界 感觉 ， 当 起 ， 桂林山水 甲天下 ！ 船上 简餐 感觉 回到 解放前 ， 要求 不能 太高 ！ 而且 好 饿 ， 竟然 吃 完 ！ 阳朔 吃顿 好 ！
4,前面 著名 九马 画山 。 中国 很多 山水 喜欢 用 象形 取意 手法 增加 旅游 乐趣 。 九马 画山 既 壮观 ， 又 神奇 。 离九马 画山 越来越近 。 只 看出 一匹 马 ， 其他 两匹 还是 拼筏 女生 告诉 ， 汗颜 ！
5,美的 不能 再美 … … 漓江 大气 ！ 水清竹 绿 ， 如画 山水 ， 野鸭 成群 ， 红蜻蜓 很多 ， 江中 栖息地 ， 植被 茂盛 ， 竹子 尤其 多 ， 好多 白鸟 停歇 ， 生态 太好了
4,大小 石峰 紧 相连 ， 宛如 画屏 布 眼前 。 天宫 神马 偷 下凡 ， 惊 见 画工 嵌壁岩 。 九马 画山 显影 形 ， 全部 辩明 非常 。 自然风光 景色 美 ， 何求 览 清怨 自已 。
5,阳朔 一家 旅行社 看到 九马 画山 照片 ， 决定 一定 要 看看 ， 时候 那天 天气 很 好 ， 天蓝蓝 ， 但是 船夫 却说 那种 灰蒙蒙 天气 更能 衬托出 九马 画山 美 ， 建议 一定 要 乘船 ...
5,九马 画山 一座 九峰 相连 、 耸峙 漓江 江畔 大 石山 ， 坐船 遊 漓江 山水 经典 景观 之一 。 個 人覺 得 還好 ， 沒有 挺 美的 ， 一般般 由于 此 山石 壁上 色彩斑斓 ， 宛若 巨幅 畫 。 故称 九马 画山 。
4,来 桂林 必游 漓江 ， 时间 紧 些 ， 只好 选 段 往返 漂流 ， 算是 精华 段 ， 舟行 水上 画中游 ， 小笺 飘过 群山 侧 。 还有 著名 人民币 取景 处 。
5,画中游 一种 什么 体验 ？ 来 漓江 坐 竹筏 给 答案 ！ 漓江 太美 ， 太美 ， 太美 ！ ！ ！ 电动 竹筏 ， 安全 ， 稳定 ， 空间 大 ， 管理 有序 ， 江上 快艇 巡逻 检查 ， 把 游客 安全 放在首位 ， 点赞 ， 竹筏 师傅 技术 很 好 ， 负责 任 ， 九马 画山 特意 告知 ， 还 短暂 停留 几分钟 让 拍照 。 漓江 最深处 十米 ， 穿 好 救生衣 要 注意安全 ， 尤其 拍照 时 千万 小心 手机 ！ ！ ！ 虽然 没有 刺激 河道 漂流 ， 但 这个 不会 弄湿 鞋 衣服 ， 秋季 河面 有风 凉意 ， 50 分钟 体验 刚刚 好 。 取票 兴坪 古镇 里面 ， 步行 走 漂流 朝天门码头 要 走 二十多分钟 ， 穿街 走巷 ， 人多车 多 ， 不想 走回头路 所以 没有 买 车票 ， 但是 国庆 期间 景区 限行 ， 里面 打车 ， 外面 司机 师傅 进不来 ， 最后 漓江 边 吃饭 饭店 提供 送回 古镇 用车 服务 ， 走 古镇 外才 坐 上网 约车 ， 所以 建议 大型 节假日 还是 买 含 往返 区间车 票 吧 。 对 ， 带 行李 可以 上 竹筏 ， 收费 ， 当然 太多太大 可能 不行 ， 小箱子 。 不够 四人 可以 拼筏 ， 比较 划算 。
4,坐船 游 漓江 时 ， 快到 时 船导 通知 大家 ， 迎面而来 一座 大 平面 山壁 ， 上面 有些 植被 ， 中间 几处 岩石 满 植被 山壁 上 格外 显眼 。 船导 说 能 看出 9 匹马 状元 ， 8 匹 榜眼 ， 7 匹 探花 。 其实 感觉 就是 靠 联想 ， 太过 较真 一匹 没有 。
4,前方 就是 “ 九马 画山 ” ， 相传 1960 年 周总理 与 陈毅 游 漓江 时 ， 面对 画山 揣摩 许久 ， 周总理 问 陈毅 看出 几匹 ， 答 ： 8 匹 ， 陈毅 问 周总理 看出 几匹 ， 周总理 答 ： 比 多得多 ， 陈毅 ： 一共 9 匹 ， 哪 还有 多得多 ， 周总理 ： 还有 倒影 ， 共 18 匹 。
5,漓江 精华 漂流 景点 ， 兴坪 境内 ， 当地 竹筏 师傅 说九马 画山 以前 叫 画山 ， 后来 周恩来 游 漓江 时候 山上 看到 九匹 马 样子 故 改名 为九马 画山 ， 只 出来 四匹 ， 问过 好多 说数 出来 九匹 马 ， 师傅 说 能 数出 九匹 马 状元 之才 。 。
4,“ 九马 画山 ” 绝壁 上 ， 青绿 黄白 ， 众彩 纷呈 ， 浓淡 相间 ， 班驳 致 ， 宛如 一幅 神骏图 ， 人们 依稀 石壁 上 隐约 可以 看出 画 着 九匹 马 。 只 可惜 ， 烈日 下 只顾 拍摄 ， 等 老婆 问 找出 几马时 ， 一片 茫然 。
4,竹筏 开动 ， 陶醉 漓江 两岸 美景 ， 真的 像 画 上 画 一样 ， 山是 那么 漂亮 ， 这个 时候 ， 只 想 尽情 享受 漓江 给 带来 快乐 。 漓江 两岸 风景 看不完 ， 说不出 ， 只能 漓江 才能 体会 出来 ， 可能 缘故 ， 只 想 默默 风景 ， 静静的 欣赏 。 下次 再 来 ， 一定 会带 着 家人 。
4,鲤鱼 挂壁 挺 像 关老爷 这里 才 感觉 什么 桂林 上 水 甲天下 ， 遗憾 只能 到达 九马 画山 。 太美 ， 眼睛 不够 用 。 九马 画山 ， 不是 筏工 介绍 俺 一匹 没 出来 。 现在 不是 雨季 水 不是 很大 ， 水要 太大 不能 漂 如 给 筏工 小费 只是 九马停 一下 ， 路上 不会 跟 说话 更 不会 带 这里 靠岸 ， 半天 筏子 上 下岸 ， 估计 要 包 个人 筏子 玩 更好 。
4,九马 画山 桂林 漓江 著名 景观 之一 ， 位于 兴坪 溯江而上 四公里 处 。 临江 而立 ， 石壁 如削 ， 远望 如 一幅 巨大 画屏 ， 山石 削壁 屏立 ， 高 、 阔 各 一百多米 。 石壁 上 赭 、 黄 、 绿 、 白 ， 五彩斑斓 ， 浓淡 相间 ， 班驳 致 ， 宛若 巨幅 壁画 ， 因而 叫 画山 。 细看 九马 画山 ， 石壁 顶端 、 下方 、 左边 、 右边 鱼尾 峰 上 合共 九匹 马 ， 故称 九马 画山 。 画山画 马画 得 好 ， 奔 叫 吃 草 ， 常人 能 两三匹 ， 秀才 看出 5 匹 ， 看出 7 匹人 更少 ， 能 9 匹 神 ” 。
5,漓江 游览 ， 众多 景点 ， 其中 马画山 非常 著名 ， 他 基本上 已经 算是 接近 阳朔 那边 景点 ， 智慧 就是 可以 得到 ， 很 可惜 那天 下雨 ， 雾气 很 重 。
4,根本 看不出 九匹 马来 ， 感觉 就是 个 噱头 。 是从 九马 画山 一路 徒步 兴平 ， 其实 没有 那么 没 ， 可能 天气 原因 吧 ， 总之 感觉 坐 电瓶车 可 ， 只是 20 元 那里 停 一下 就行 。
5,九马 画山 一座 九峰 相连 、 耸峙 江畔 大 石山 山石 削壁 屏立 ， 高 、 阔 各 一百多米 。 石壁 上 猪 、 黄 、 绿 、 白 ， 五彩 斑娴 ， 宛若 巨幅 壁画 ， 因而 叫 画山 。
5,九马 画山 漓江 上 著名景点 ， 据说 岩壁 上 九匹 天然 马 ， 并 不能 全部 看出 ， 但 此处 风景 的确 非常 好看 ， 游玩 漓江 不可 错过 景点 。
4,坐 竹筏 兴平 — 九马 画山 — 兴平 ， 停 一片 小滩 上 ， 有点 偏 ， 九马 画山 不全 ， 船工 说 如果 真能 看到 九匹 马 就是 人上 啦
3,九马 画山 — 传说 天上 九匹 天马 下 凡间 漓江 饮水 ， 被 凡间 画师 撞见 ， 天马 惊慌 之间 躲进 岩壁 ， 行程 所见 九马 画山 ， 兴坪 竹筏 码头 竹筏 ， 80 一人 （ 只收 现金 ） ， 可以 坐 4 位 ， 俩 只 需要 补交 50 可以 包船 ， 整个 行程 70 分钟 左右 ， 短途游览 一下 漓江 很 惬意 ！
4,". 传说 当年 孙悟空 大闹天宫 放 出来 九匹 天马 跑 人间 , 有个 画工 想 把 九匹 马 刻画 下来 小心 惊吓 马群 然后 群马 撞入 山壁 上 , 于是 九马 画山 . 小 编数 一数 确实 九匹 马 , 数得 出来 吗 ?"
4,这是 漓江 精华 段 九马 画山 ， 这次 是从 桂林 磨盘 山 码头 坐 漓江 三星 船到 阳朔 ， 坐 船游 漓江 最舒服 ， 开 又 稳 又 慢 ， 可以 好好 欣赏 九马 画山 ， 但 可能 想象力 还 不夠 ， 看不出 九马 ， 但 风景 还是 很 好 。
4,九马 画山 前面 ， 努力 凭 想象 ， 半天 ， 只 看见 6 匹 ， 哎 ， 它 其实 就是 山头 ， 只是 由于 没有 植被 覆盖 ， 一些 颜色 差别 ， 感觉 像是 一幅 画 。
4,接下来 九马 画山 ， 又 叫 九马 归槽 。 听 老师傅 介绍 说 只有 总理 二 分钟 还是 四分钟 内 指出 九匹 神马 。 我经 师傅 指点 ， 才 好不容易 找到 6 匹 ， 如果 仅靠 ， 估计 不会 超过 4 匹 。 上 图供 研究 。
3,看不出来 九匹 马 ， 从 20 元 背景 处 叫 辆 电瓶车 马山 码头 来回 十元 ， 花 来回 十五元 摆渡 费到 九马 画山 对岸 ， 这样 可以 看九马 画山 全景 … …
4,还 没 时候 ， 导游 讲 好 多名 人数 马 事迹 ， 还 指望 着 多数 出 几匹马 升官发财 呢 ， 一路上 期望 最高 ， 之后 ， 由于 筏工 没 提醒 ， 过 知道 ， 拍 小半 面墙 ， 遗憾 死 ， 气死 。
5,好久 ， 一共 看到 七马 ， 知道 两个 跑 哪 。
5,九马 画山 这里 景色 相当 不错 啊 ， 漓江 这边 很 出名 景点 ， 来 这里 玩 真的 很 不错 啊 ， 桂林 山水 真的 很 好看 很 喜欢 这里 。
4,位于 桂林 阳朔 ， 杨堤 兴坪 漂流 段 一处 山体 景观 ， 连绵 青山 高低 错落 ， 远 像 几匹 奔腾 骏马 ， 随着 观赏 角度 变化 ， 愈加 灵动 。
5,竹筏 很 好 ， 电动船 ， 设计 很 好 不会 打湿 鞋袜 ， 走 漓江 最 经典 路线 ， 但是 个人感觉 没有 原始 竹筏 悠闲自得 惬意 ， 可能 就是 过度 商业化 表现 ， 追求 速度 快 ， 听到 只有 几十艘 船 电动 马达声 ， 少 欣赏 美景 情调 ， 20 元 人民币 景色 也许 只有 张 照片 才能 更好 展现 它 意境 。 那个 渔夫 老爷爷 一路 走 好 ， 愿 天堂 老伴 能够 幸福 ！
5,竹筏 很 好 ， 电动船 ， 设计 很 好 不会 打湿 鞋袜 ， 走 漓江 最 经典 路线 ， 但是 个人感觉 没有 原始 竹筏 悠闲自得 惬意 ， 可能 就是 过度 商业化 表现 ， 追求 速度 快 ， 听到 只有 几十艘 船 电动 马达声 ， 少 欣赏 美景 情调 ， 20 元 人民币 景色 也许 只有 张 照片 才能 更好 展现 它 意境 。 那个 渔夫 老爷爷 一路 走 好 ， 愿 天堂 老伴 能够 幸福 ！
5,竹筏 很 好 ， 电动船 ， 设计 很 好 不会 打湿 鞋袜 ， 走 漓江 最 经典 路线 ， 但是 个人感觉 没有 原始 竹筏 悠闲自得 惬意 ， 可能 就是 过度 商业化 表现 ， 追求 速度 快 ， 听到 只有 几十艘 船 电动 马达声 ， 少 欣赏 美景 情调 ， 20 元 人民币 景色 也许 只有 张 照片 才能 更好 展现 它 意境 。 那个 渔夫 老爷爷 一路 走 好 ， 愿 天堂 老伴 能够 幸福 ！
4,其实 真 不太出 ， 确定 指山 线条 像 马 还是 上面 黑色 部分 像 马 ， 如果 后者 ， 倒 还 能 看出 一些 。 查过 资料 ， 但 说 指能 像 出马 来 ， 另 说 则 指 传说 九匹 神马 画出 一些 东西 所以 叫 画山 ， 所以 像 不是 马 。 知道 究竟 如何 ， 反正 挺 玩味 就是 。 类似 龙虎山 九龙 一虎壁 明显 多 。
5,九马 画山 这里 真的 很漂亮 ， 漓江 上 大大小小 风景点 数都 数不清 几乎 每 很 特色 ， 九马 画山 这里 挺 好看 山 很 壮观 啊 。
5,九马 画山 景区 漓江 边上 旅游胜地 ， 她 临江 而立 ， 石壁 如削 ， 景致 迷人 。 它 漓江 边上 最 精华 景色 ， 游客 可以 选择 徒步 或 骑车 游览 。
4,九马 画山 一座 九峰 相连 、 耸峙 漓江 江畔 大 石山 ， 漓江 山水 最 经典 景观 之一 。 游人 立于 江 对岸 或 乘于 竹筏 上 远远望去 ， 只见 此山 山形 独特 ， 细看之下 好似 山壁 上画 九匹 骏马 ， 但 据说 能够 看出 九匹 马 非常少 。 由于 此 山石 壁上 色彩斑斓 ， 宛若 巨幅 壁画 ， 因而 叫 画山 。 又 细看 此山 ， 石壁 顶端 、 下方 、 左边 、 右边 鱼尾 峰 上 合共 九匹 马 ， 故称 九马 画山 。 九马 画山 山麓 饮马 泉 ， 泉旁 石壁 上 刻有 清代 阮元 “ 清漓 石壁 图 ” 几个 字 。 现在 山内 还有 峡谷 飘流 。 相关 传说 相传 九匹 马本 天宫 神马 ， 偷偷 下 凡间 后来 漓江 边 饮水 ， 一位 路过 画工 想 把 它们 描绘下来 ， 结果 马群 受惊 ， 慌乱 误入 石壁 而永留 人间 。 由于 它们 均 为 神所变 ， 因而 形态 莫测 ， 难以辨认 ， 所以 历代 流传 这样 歌谣 ： “ 看马郎 ， 看马郎 ， 问 神马 几多 双 ？ 看出 七匹 榜眼 ， 能 九匹 状元郎 。 ” 据说 能够 快速 完全 辨认 九匹 “ 马 ” 不是 易事 。
4,一路 走走停停 ， 时而 泛舟 江 上 ， 时而 漫步 岸边 ， 走过 “ 甲天下 ” “ 九马 画山 ” 等 景点 ， 到达 漓江 游 终点 兴坪 ， 人民币 20 元 背景 图案 就是 此 拍摄 ， 卡片机 效果 不行 ， 再 加上 水 比较 瘦 ， 本 应有 水 地方 已经 露出 大片 河床 ， 没照 出 效果 来 。 此时 天色 已近 黄昏 ， 一缕 斜阳 透过 山侧 洒 漓江 上 ， 给 这本 美到 极致 景致 增添 几许 浪漫 。 站 岸边 ， 看着 夕阳 群山 被 暮色 掩映 得 好似 剪影 般 层层叠叠 ， 湛清 漓江 被 夕阳 照耀 得泛 着 金光 安静 依偎 青 山脚下 ， 一艘 艘 小舟 驶过 江中 ， 阵阵 马达声 渐行 渐远 ， 老婆 水中 俯身 捡拾 着 田螺 ， 所有 画面 融合 一起 ， 那么 和谐 ， 那么 安详 ， 构成 一幅 绝妙 水墨 丹青 。 站 岸边 久久 不忍 离去 ， 一些 过 地方 也许 今生 不会 再 踏足 ， 平凡 ， 真实 ， 印出 一份 恬淡 ， 一份 惬意 ， 转瞬即逝 间 留住 住 浅浅的 笑 .... 。 努力 看着 眼前 这幅 画面 ， 要 把 它 深深 印 脑海中 ， 要 让 它 从此 成为 永恒 ， 留恋 一生 。
4,"短暂 停留 ， 美美 留 念 ， 去往 下 景点 ： 九马 画山 ， 临江 而立 ， 石壁 如削 ， 远望 如 一幅 巨大 画屏 ， 石壁 上 五彩斑斓 ， 浓淡 相间 ， 斑驳 致 ， 宛若 巨幅 壁画 ， 因而 叫 画山 ， 细看 ， 石壁 顶端 、 下方 、 左边 、 右边 鱼尾 峰 上 合并 九匹 马 ， 故称 "" 九马 画山 ” 。 。 。"
5,九马 画山 一路 风景如画 ， 画中游 ！
5,九马 画山 一座 九峰 相连 、 耸峙 漓江 江畔 大 石山 ， 漓江 山水 最 经典 景观 之一 。
4,桂林山水 甲天 ， 烟雨 季节 ， 更 另一番 如仙 如画 意境 ， 化身 仙子 般 ！
5,帮 摇 竹筏 说 周总理 能 从 这个 山上 看到 九匹 马 ， 虽然 只能 看到 7 匹 ， 山 感觉 倒 没什么 区别 ， 或许 这里 就是 人文 景点 吧
5,坐 竹筏 游 漓江 ， 观兴坪 至扬 缇 段 漓江 精华 ， 路过 九马 画山 ， 看得出 九马 吗 ？ ？
4,虽然 导游 一再强调 ， 桂林 没有 工业 ， 没有 污染 ， 但是 挡不住 有雾 啊 ， 能见度 真的 已经 低到 出 水墨 效果 ， 反正 只能 看到 3 匹马 ， 不了 状元 啦 。
3,其实 景色 差不多 ， 只是 这边 被 商业化 ， 一下 车 就是 很多 围上来 啊 问 坐 坐 竹筏 ， 向 推销 买 东西 ， 还有 老人家 路边 卖头花 ， 感觉 很怪 。
5,坐 竹排 游 漓江 ， 看到 20 元 背景 ， 黄布 倒影 ， 九马 画山 。 导游 说 周总理 看到 九匹 马 ， 怎么 能 想象 出 3 匹 呢
4,九马 画山 ， 可是 只 出来 5 匹 ， 小主倒 出来 像 个 乌龟 ， 哈哈 。 一路上 经过 很多 景点 ， 神笔 峰 ， 张国老 骑驴 ， 羊角 峰 ， 苹果 峰 等等 ， 可是 等 拍 完照 回顾 时候 ， 发现 差不多 景 ， 着实 抓狂 。
5,九马 画山 景色 太 迷人 ， 想 买 套 河边 小墅 住 下 。 不过 热门 景点 爆多 ， 即使 国庆节 假期 前两天 超多人 。 除了 这点 满意 以外 ， 其他 满意 。
4,景色 真的 很棒 ， 天气 很 重要 。 就是 竹筏 不是 人力 ， 用 汽油 发动机 ， 尾气 ， 而且 马达 太吵 ， 建议 换 电动 。 没买 黄布 倒影 票 ， 从九马 画山到 黄布 倒影 ， 走路 还要 小时 ， 挺累
5,拍 很多 图片 知道 那个 九马 画山 上传 ， 总之 看不出 九头 马 ， 反而 看出 一头 骆驼 ， 啊 哈哈哈 。 坐 着 游船 可以 拍照 啦 ， 反正 天 不好 的话 还 不如 不去 ， 感受 不到 美 啊 ， 雨 哗啦哗啦 ， 什么 看不清 啦 。
4,船游 九马 画山 ， 这个 点 历史 知名 ， 桂林山水 需要 一些 想象力 ， 出来 五匹 马儿 ， 孩儿 们 东 凑西 凑整 八匹 马 。 山水 之间 ， 神仙 日子 。
5,接送 师傅 很 好 ， 不单 酒店 门口 接 ， 还 提前 电话 通知 起床 ， 上船 地方 可以 拍到 20 元 人民币 图案 ，
4,当天 能见度 不好 ， 但九马 怎么 只能 勉强 看到 八匹 左右 ， 不过 感觉 很 趣味 。 甲天下 山水 味道 毕竟 摆在 那里 ， 秀丽 难以 用 文字 完全 描述 。
5,这里 漓江 岸边 一座 山 ， 它 临江 一面 如削 平壁 ， 上面 青绿 黄白 ， 浓淡 相间 ， 错落有致 ， 宛如 一幅 神骏图 ， 大自然 鬼斧神工 ， 令人 赞叹 。
5,风景如画 ， 九马 奔驰 。 一江春水向东流 ， 九马 画山 眼前 ， 心身 舒畅 。 爱 ， 爱 ， 爱 。 桂林山水 甲天下 ， 阳朔 山水 甲 桂林 。 继续 支持 桂林 阳朔 。
5,定 全程 漂流 ， 途中 经过 角马 ， 远 蛮 特别 。
5,钱 狗肉 导游 ， 说白了 、 没 啥 好看 ！ 岛上 又 很 臭 ， 那种 抓鱼 那种 叫 什么 来 着 忘 ！ 不过 路上 风景 还是 很漂亮 ！
5,九马 画山 景区 漓江 边上 旅游胜地 ， 她 临江 而立 ， 石壁 如削 ， 景致 迷人 。 九马画 山下 峡谷 漂流 更是 天下 一绝 ， 咫尺 漓江 300 米 ， 独特 漂流 河道 设计 让 游客 如入 仙境 博舟 ， 似 画 畅游 。 她 阳朔 风景区 唯一 集 漂流 、 溯溪 、 露营 、 徒步 、 攀岩 、 野战 、 滑道 、 户外 拓展 综合型 休闲 旅游 景区 ， 漓江 边上 最 精华 景色 ， 可 选择 徒步 或 骑车 游览 。 因此 ， 九马 画山 峡谷 漂流 被 中外 誉为 最具 人文 气息 峡谷 漂流 。
5,刚 从 桂林 旅游 回来 ， 东西 巷 逛街 时候 看到 一家 叫 漓江 源味 店铺 做 活动 ， 送 门票 酒店 ， 买够 200 元 土特产 可以 送 象鼻山 门票 ， 当时 想着 反正 要 买 手信 给 朋友 ， 买 200 块 要 一张 门票 ， 第二天 象鼻山 里 玩 ， 感觉 还是 很 实惠 ， 比 外面 做船 远远 要 来得 划算 很多 ， 如果 朋友 的话 可以 一下 ， 感觉 挺 优惠 。 听 店里 服务员 说 还 可以 兑换 酒店 ， 提前 定好 酒店 没要 酒店 ， 后来 美团 下 那个 酒店 ， 个 新 酒店 ， 装饰 图 很 好 很漂亮 ， 评价 很 好 。 回家 淘宝 搜 这家 店铺 ， 还 真 搜到 ， 东西 比 实体店 卖得 便宜 一些 ， 同样 能 参加 活动 ， 需要 可以 了解 一下 ， 仅供参考 。
5,桂林 漓江 著名 景观 之一 ， 位于 兴坪 溯江而上 四公里 处 。 临江 而立 ， 石壁 如削 ， 远望 如 一幅 巨大 画屏 ， 细细地 端详 ， 画屏 惟有 一群 骏马 。 九马 画山 五峰 连属 ， 东南 北三面 环山 ， 西面 削壁 临江 ， 高宽 百余米 石壁 上 ， 青绿 黄白 ， 浓淡 相间 ， 班驳 致 。 清代 诗人 徐弓 赞道 ： “ 自古 山如画 ， 如今 画 似山 。 马图 呈 九首 ， 奇物 人间 ” 。 相传 它们 本是 天宫 神马 ， 趁 孙悟空 任 “ 弼 马温 ” 时 看管 不严 ， 便 偷下 凡间 ， 漓江 边 饮水 时 ， 被 画工 看见 ， 画工 想 描绘下来 ， 结果 马群 受惊 ， 慌乱 误入 石壁 而永留 人间 ， 由于 它们 均 为 神所变 ， 因而 形态 莫测 ， 难以辨认 。
4,九马 画山 漓江 顺流而下 景点 ， 听说 方面 周恩来 总理 看出 九匹 马 ， 不过 这个 真的 很 考验 想象力 ， 反正 只 发现 五匹 马 再也 看不出来 ！ 见仁见智 吧 ！ 总体 感觉 一般 吧
4,前面 就是 著名 九马 画山 ， 船上 导游 讲解 ： 1960 年 周总理 与 陈毅 游 漓江 时 ， 面对 画山 揣摩 许久 ， 周总理 问 陈毅 看出 几匹 ， 答 ： 8 匹 ， 陈毅 问 周总理 看出 几匹 ， 周总理 答 ： 比 多得多 ， 陈毅 ： 一共 9 匹 ， 哪 还有 多得多 ， 周总理 ： 还有 倒影 ， 共 18 匹 。 哇塞 ！ 人才 啊 ！ 当然 ， 还 有些 游人 好 几次 漓江 ， 没 弄清楚 这画 山上 到底 几匹马 。 据说 清代 两广总督 ， 名叫 阮元 ， 他 6 年 之中 五次 路过 “ 九马 画山 ” ， 仍未识 其 真面目 ， 并 写下 诗句 ： “ 六年 久识 奇峰 ， 五度 來 乘读 画舟 ” ， 看来 还是 咱们 周总理 心思 最为 缜密 啊 ！
4,从 桂林 来 小 刘说 再 走 一会儿 就要 画山 ， 巨大 岩壁 ， 眼前 忽然 直立 ， 苍白 石墙 高耸入云 般 ， 壁上 如苍文 绘画 一样 写意 着 历史 画卷 ， 朋友 说 ， 当年 周恩来 总理 行舟 此 ， 望 壁上 顿时 有九马 踏风 来 ， 江水 映秀 ， 风尾 摇摆 ， 阳光 照耀 。 总理 脸上 神采飞扬 ， 从此 这里 好听 名字 ， 九马 画山 ......
4,著名 九马 画山 一座 带有 传说 想象 意味 壮美 山石 ， 据说 它 皇帝 、 首相 、 将军 智慧 试金石 ， 谁 能 看出 九匹 马 ， 帝王 天赋 ， 看出 8 匹马 丞相 智慧 ， 看出 7 匹 ， 只 配当 将军 。 非常 可笑 ！ 岂不知 多少 皇帝 白痴 ， 竟然 现代 还有 许多 相信 这样 传说 ， 使劲 地数 山壁 上 白马 黑马 ， 看来 数出 九匹 对不住 住 爹娘 一样 。
4,九马 画山 此行 终点 。 据说 陈毅 元帅 游 漓江 时 ， 看到 岩上 九匹 马 ， 便 取名 九马 画山 。 反正 半天 ， 只 看到 三匹 。 此处 敛财 点 ， 但 还好 ， 没有 强制 消费 。 没有 照像 ， 感觉 筏工 脸色 不太好 。 回程 时 啥 说 。 桂林 山 的确 很奇 ， 像是 被 劈 过后 ， 直 插入 水 ， 形态各异 。 漓江 水 已 不再 清澈 ， 并且 很 浅 。 沿路 还 看到 挖山 堆石 ， 不知 造 什么 景点 。 想起 大连 填海 造屋 ， 悲哀 。 大自然 报复 ， 无知 残忍 人类 。
4,最 精彩 欣赏 点 九马 画山 ， 它 漓江 东岸 画 山村 附近 ， 距 桂林 约 60 公里 处 。 它 五峰 连属 ， 临江 石壁 上 ， 青绿 黄白 ， 众彩 纷呈 ， 浓淡 相间 ， 斑驳 致 ， 宛如 一幅 神骏图 ， 因有 九马 画山 之名 ， 简称 画山 。 九马 栩栩如生 ， 神态 各异 ， 或立 或 卧 ， 或 奔 或 跃 ， 或 饮 江河 ， 或 嘶 云天 ， 正是 “ 马图 呈 九道 ， 奇物 人间 ” 。
5,许多 山 高低不平 交织 一起 ， 像 九匹 马 一样 ， 从 远处 观望 又 好像 一面 山 断臂 上 一幅 泼墨 山水画 ， 画面 有些 抽象 ， 一般 难看 出来 像 九匹 马头 ， 此处 称为 九马 画山 。
4,九马 画山 漓江 边上 著名 旅游景点 ， 她 临江 而立 ， 石壁 如削 ， 景致 迷人 ， 石壁 上 天然 痕迹 如 骏马 奔腾 ， 只能 意会 不能言传 。
5,坐 精华 段 竹筏 来 ， 说 山 轮廓 像 九匹 马 ， 没太看 出来 ， 反正 很 美 就是 。
5,桂林山水 甲天下 . 阳朔 山 山水 甲 桂林 ！ 不错 不错 ！ 但是 一点 要 遇到 好 天气 ！
4,言 三分 图像 七分 想象 ， 睁大眼睛 数 只是 看到 五匹 而已 ， 这个 智商 算 及格 吧 ！ 倒 脚下 满 沙滩 鹅卵石 让 欣喜 不已 ， 要是 统统 可以 搬 回家 做 花圃 那该 多 好 ！
4,沿江 风景 很漂亮 ， 天 阴阴的 ， 烟雨 漓江 犹如 一幅 水墨画 卷 眼前 缓缓 展开 ， 细雨绵绵 些许 冷 ， 这样 冷 让 空气 更加 清冽 ， 让 这幅 水墨画 更加 空灵 清寂 … …
4,来 桂林 应该 这里 必来
4,沿着 河边 走到 九马画 山脚下 ， 必须 轮渡 过河 才 。 不过 看不出 几匹
4,专门 坐 摆渡 船去 九马 画山 山下 ， 江水 很 清澈 ， 不过 周边 没有 什么 。
5,真的 非常 好 ， 当时 网上 攻略 说 坐 半程 好 ， 确实 如此 ， 虽然 山水 如画 ， 但是 连续 小时 ， 确实 有些 乏味 ， 而且 段 没有 船夫 要求 另外 收钱 开慢 船和照 照片 ， 可能 运气 比较 好 ， 船夫 一路上 开 比较慢 ， 时间 好好 欣赏 美景 。 可惜 一点 桂林 雾 霾 ， 时候 大晴天 ， 但是 天 雾蒙蒙 。 从九马画 山下 船 ， 可以 漓江 边上 玩一玩 ， 水 又 清 又 凉 。 去往 坐 观光车 路上 许多 买 小吃 铺子 ， 食材 大多 刚 从 漓江 里 捞 出来 小 鱼小虾 ， 味道 不错 而且 一点 贵 。 观光车 并 开到 兴坪 镇 ， 而是 从 学校 门口 下车 ， 大概 5min 步行 可以 到达 兴坪 ， 去往 兴坪 路上 ， 可以 看到 20 人民币 背景 ， 真正 取景 背景 ！ 可以 免费 拍照 ， 如果 车子 直接 送到 兴坪 ， 可能 错过 景色 ！
5,坐 杨堤 九马 画山 一段 竹筏 。 真正 领略 何为 阳朔 山水 甲 桂林 。 沿途 好几处 知名 景点 ， 包括 二十元 人民币 背面 漓江 山水 ， 九马 画山 。 坐在 船头 ， 清风 拂面 ， 青山 碧水 相伴 ， 令人 沉醉 其中 。
4,九马 画山 漓江 竹筏 游 路线 上 重要 景点 ， 喀斯特地貌 神奇 之 处 。 这里 有着 周恩来 与 陈毅 数马 故事 ， 传说 周恩来 数 九匹 马 ， 传说 大富大贵 。
4,总理 说 几匹马 几匹马 咯 ， 20 元 风景 还是 不错 ， 但是 没 出 太阳 。 可惜 啊
5,从 杨堤 乘坐 竹筏 九马 然后 乘坐 景区 观光车 20 元 人民币 打卡 处 打 完卡后 步行 至兴坪 码头 完美
5,九马 画山 这里 漓江 上 很漂亮 风景 啊 ， 第一次 来 桂林 这里 真的 觉得 漓江 风景 很 好看 ， 玩 东西 价格 挺 贵 但是 风景 绝对 没话说 。
5,空气 很 清甜 ， 人生 值得 一次 ， 木筏 来回 90 分钟
5,确实 很 美 ！ 感觉 好像 行走 一副 画里 一样 。 。 。
4,九马 画山 坐 竹筏 飘过去 ， 木有 看出 什么 马 。 不过 坐 竹筏 还是 挺爽 ， 一路 景色 很漂亮
4,临江 而立 ， 石壁 如削 ， 景致 迷人 。 九马画 山下 峡谷 漂流 更是 天下 一绝 ， 咫尺 漓江 300 米 ， 独特 漂流 河道 设计 让 游客 如入 仙境 博舟 ， 似 画 畅游 。 她 阳朔 风景区 唯一 集 漂流 、 溯溪 、 露营 、 徒步 、 攀岩 、 野战 、 滑道 、 户外 拓展 综合型 休闲 旅游 景区 ， 漓江 边上 最 精华 景色 ， 可 选择 徒步 或 骑车 游览
4,桂林 漓江 著名 景观 之一 ， 位于 兴坪 溯江而上 四公里 处 。 临江 而立 ， 石壁 如削 ， 远望 如 一幅 巨大 画屏 ， 细细地 端详 ， 画屏 惟有 一群 骏马 。 九马 画山 五峰 连属 ， 东南 北三面 环山 ， 西面 削壁 临江 ， 高宽 百余米 石壁 上 ， 青绿 黄白 ， 浓淡 相间 ， 班驳 致 。 清代 诗人 徐弓 赞道 ： “ 自古 山如画 ， 如今 画 似山 。 马图 呈 九首 ， 奇物 人间 ” 。 相传 它们 本是 天宫 神马 ， 趁 孙悟空 任 “ 弼 马温 ” 时 看管 不严 ， 便 偷下 凡间 ， 漓江 边 饮水 时 ， 被 画工 看见 ， 画工 想 描绘下来 ， 结果 马群 受惊 ， 慌乱 误入 石壁 而永留 人间 ， 由于 它们 均 为 神所变 ， 因而 形态 莫测 ， 难以辨认 。
4,桂林 漓江 著名 景观 之一 ， 位于 兴坪 溯江而上 四公里 处 。 临江 而立 ， 石壁 如削 ， 远望 如 一幅 巨大 画屏 ， 细细地 端详 ， 画屏 惟有 一群 骏马 。 九马 画山 五峰 连属 ， 东南 北三面 环山 ， 西面 削壁 临江 ， 高宽 百余米 石壁 上 ， 青绿 黄白 ， 浓淡 相间 ， 班驳 致 。
4,九马 画山 高宽 百余米 石壁 上 ， 众彩 纷呈 ， 斑驳 致 ， 宛如 一幅 神骏图 ， 因有 九马 画山 之名 。 九马 神态 各异 ， 或 饮 江河 ， 或 嘶 云天 ， 正是 “ 马图 呈 九道 ， 奇物 人间 ” . 黄布滩 一块 黄色 岩石 宽 数丈 ， 像 一块 黄布 平铺 江底 ， 为此 ， 滩 名叫 黄布 。 黄布滩 两旁 ， 7 座 大小不一 山峰 ， 宛如 7 位浴 水而出 少女 ，
4,正前方 九峰 相连 ， 山面 如削 ， 石壁 上 白 、 黄 、 灰 、 黑等色 ， 色彩斑斓 ， 呈现 出马 画像 ， 名画 山 ； 马图 最多 可见 九匹 ， 又名 九马 画山 。 仔细 端详 ， 画面 出现 各种 形态 骏马 ， 静静 伫立 ， 低头 饮水 ， 昂首 嘶鸣 ， 有扬蹄 奔跑 。 正上方 一匹 大马 ， 低头 饮水 ， 尾巴 高翘 ， 有人 认为 尾巴 像 马头 ， 正在 向前 奔跑 。 一般 可见 三 、 四匹 ， 要 看出 九匹 来 ， 可不 容易 。 民谣 说 ： “ 看马郎 ， 看马郎 ， 问 神马 几双 ？ 看出 七匹 榜眼 ， 能 见 九匹 状元郎 。 ” 传说 画山九马 来自 天宫 ， 当年 孙悟空 不愿 当弼 马温 ， 反下 天宫 ， 神马 走脱 此 ， 不愿 离去 。 画山 奇丽 ， 清徐 《 画山 》 诗云 ： “ 自古 山如画 ， 而今 画 似山 ， 马图 呈 九首 ， 奇物 人间 。 开筏 小 杨 父亲 ， 气 好 说话 ， 服务态度 好 ， 途中 介绍 景点 ， 还 可以 靠边 上岸 拍照 。 杨师傅 竹筏 伐 得 很 好 ， 没有 任何 浸水 问题 。 还 带 漓江 享受 山水 间 用餐 。
4,本来 预定 计划 想来 个遇 龙河 竹筏 漂流 ， 可惜 今年 走 水运 ， 大 早起 收到 导游 短信 说 涨停 ！ ！ ！ 怎么 没买 股票 ？ ？ ？ 于是 改去 兴坪 坐 漓江 漂流 ， 依旧 夏雨哝 哝 ， 快到 终点 时候 看到 传说 九马 画山 ， 不过 船速 太快 ， 我家 小朋友 雨 里 冻 哆哆嗦嗦 ， 传说 九马 只 看出 二三 。 拍 图片 大同小异 ， 上 图 。
4,九马 画山 ， 大气 ， 宋代 诗人 邹浩 比作 天公 醉时 杰作 ： “ 应时 天公 醉时 笔 ， 重重 粉墨 尚 纵横 ” 。 清代 诗人 徐弓 赞道 ： “ 自古 山如画 ， 如今 画 似山 。 马图 呈 九首 ， 奇物 人间 ” 。
5,九匹 马 哪 呢 ？ 看不出来 你们 找 找
5,九马 画山 ， 相传 天上 御马 闯进 石壁 ， 如果 能点 出 九匹 马则 状元 人选 。
3,坐 竹筏 必然 经过 景点 ， 说实话 真的 要 靠 想象力 ， 不是 朋友 解说 ， 联想 出来 。 但是 江内 坐 竹筏 确是 很 诗情画意 。
5,非常 不错 风景优美 ， 严寒 冬天 给 人代来 温暖
2,景色宜人 ， 美不胜收 ， 就是 竹筏 工太 热情 ， 感觉 冰冷 ， 没有 任何 讲解 ， 整个 桂林 旅行 唯一 遇到 奇葩 ， 桂林 司机 、 酒店 人员 、 饭店 人员 很 好 ， 这个 筏 工好 奇葩 ， 难道 杨堤 九马 这段 需要 给 小费 ？
4,兴坪 漂流 尽头 。 船工 师傅 告诉 ： 它 像 九匹 马 它 像 喽 ， 看不出来 它 像 喽 。 但是 漂流 整个 阳朔 - 桂林 之 旅唯三 值得 地方 （ 银子 岩 ， 龙脊 梯田 ， 兴坪 漂流 ） 。 电动船 特别 凉快 ， 风景 非常 好 。
4,据 各位 旅游 大神 介绍 ， 漓江 漂流 精华 段 杨堤 码头 兴坪 一段 。 最后 ， 选择 是从 杨堤 码头 漂流 九马 画山 ， 然后 从九马 画山 坐 电瓶车 兴坪 游程 。
5,景美 ， 值得 一去 ， 大热天 坐 竹筏 一点 不热 ， 票 可以 景区 售票厅 现场 买 ， 比 网上 便宜 ， 电瓶车 要 坐 ， 单程票 ， 返回 时 坐 电瓶车 。
4,九马 画山 ， 一眼 看见 只有 6 匹 ， 于是 赶紧 掏出 手机 百度 ， 对 着 图解 再数 下 ， 果真 九匹 马 。 大自然 真是 鬼斧神工 ， 仿佛 劈开 山 露出 这些 骏马 。
4,风景 不错 ！ 此次 桂林 行 最值 一段 ！
4,漓江 上 桂林 至 阳朔 段 上 某座 山峰 ， 漓江 上 山景 要 某个 特定 地点 ， 还要 丰富 想象力 才 可以 ， 大多数 需要 有人 告知 才 感觉 很 像 ， 说 山上 九匹 马 ， 看来 想象力 差 很多 呀
4,景色 还是 非常 不错 ， 属于 漓江 游玩 精华 段 ， 做 竹筏 ， 但是 竹筏 马达 森 实在 太大 ， 根本 听 清楚 竹筏 说话 情况 。 竹筏 只能 坐 4 个人 。
5,来到 大家 一下 兴奋 ， 旁边 外国 老太太 一脸茫然 ， 说 九马 画山 ， 老太太 问 哪 九马 ， 一脸茫然 ， 我俩 死 揪 半天 只 找出 三匹 。
5,桂林 漓江 上 九马 画山 ， 真的 很 神奇 ， 九匹 千里马 姿态 各异 ， 昂首挺胸 ， 低头 畅饮 ， 卧地 栖 ， 扬蹄 奔腾 … … 真是 令人称奇 ！
5,值得 一去 ， 20 元 人民币 背景图 ， 喜欢 山山水水 朋友 可以 好好 享受 旅程 ， 但 建议 游 竹筏 时候 后面 又 加 行程 ， 不划算
4,感觉 还 可以 ～ 水 可以 ～ 山 不错 ～ 时间 再 长点 好 ～
4,兴坪 段 漓江 可以 看到 ， 坐 漓江 电动 竹筏 沿途 时候 路过 ， 桂林 山水 果然 很 不错 ， 游江 很 有意思 ， 就是 电动 竹筏 太吵 ， 又 走 快 。
4,漓江 竹筏 漂流 最美 地方 ， 九马 画山 只 看到 七匹
5,漓江 渡轮 来到 九马 画山 ， 就是 风景 绝佳 之地 ， 一路上 看到 各式各样 山水 ， 九马 画山 算是 为 漓江 游画 上 令人惊叹 逗号 ， 赞 。
5,这个 地方 一定 要 ， 不过 有點 坑 ， 买 票 説 好 帮 拼伐 ， 后来 等 两个 小时 没拼到 ， 然后 还要 补钱 。 景点 水挺 清澈 ， 就是 发动机 好 吵
2,跟着 旅游团 ， 前段时间 发 过 大水 ， 漓江 水 比较 浑浊 ， 看不到 倒影 ， 加上 遇上 人品 不怎么样 筏工 ， 问 他 什么 一百样 搭理 ， 估计 嫌 没 给 小费 ， 所以 沿途 经过 哪些 值得一看 景点 一点 知道 ， 这么 稀里糊涂 水上漂 一路 ， 导游 一路 没精打采 ， 经常 找 不到 ， 上 车 ， 不到 齐 就算 热死 不开 空调 ， 一大早 被叫 起 ， 结果 导游 司机 迟到 四十多分钟 ， 旅游 管理 太 差 ， 不会 再 来 ， 桂林山水 甲天下 ， 可惜 给 留下 印象 并 不好 。
5,位 於 漓江 中后 段 近興坪 古镇 ， 一般 漓江 遊船 皆 途經 ， 如由興 坪 步行 前往 ， 可 走 江边 栈道 ， 约 4 公里 步程 ， 沿途 風光 優美 ， 值得 一遊 。
4,真是 桂林山水 甲天下 ， 阳朔 风景 甲 桂林 。
5,怎么 说 呢 ， 不是 那种 有人 弄 那种 ， 而是 电动 ， 噪音 很大 ， 与 美景 有点 不配 ， 而且 开 很快 ， 一晃眼 过 ， 不过 没 不必要 坐 很 久 ， 睡着 ， 迎面 吹来 风太 舒服 ，
4,总体 还 不错 ， 风景 美 ， 停车 方便 ， 实际上 码头 停车场 ， 但 现场 被 告知 没有 ， 需要 步行 或者 摆渡 车 ， 说 步行 需要 30 分钟 ， 大 夏天 愿意 走路 ， 摆渡 车 来回 30 元
5,精髓 ， 印象 桂林 就是 样子 ，
4,如果 不能 从 杨堤 漂到 兴坪 ， 还 不如 从 桂林 坐 游轮 直接 阳朔 ， 漂兴坪 九马 画山 或者 杨堤 九马 画山 实在 没意思 ， 马达 噪音 太 大 。 另外 下雨天 别去 ， 景色 趣味 大减 。
5,不虚此行 桂林山水 甲绝 天下 三星 漓江 游轮 舒适 安全 漓江 64 公里 美景 尽收眼底 银子 岩 游览 感受 大自然 鬼斧神工
3,春节 特多 船夫 拉到 九马 画山 马不停蹄 往回 赶 ！ 没 两下 郁闷死
3,从兴坪 古镇 九马 画山 一般 漂流 20 分钟 多点 吧 。 九马 画山 这边 一条 绝壁 ， 走 这里 没有 路 ， 徒步 的话 要 乘 竹筏 对面 。 反正 一条 马 看不到 。
5,漓江 兴坪 镇 至 八马 画山 一程 、 非常 美 、 八马 画山 九峰 相叠 、 临江 一面 峭壁 、 看似 画中 骏马 、 非常 维妙维肖 。
5,价格 优惠 ， 比 现场 购票 便宜 20 元 ， 观感 极佳 。 沿途 风光 秀美 ， 景色宜人 ， 20 元 背景 山水 近在咫尺 。 赞 👍 🏻
5,九马 画山 ， 漓江 上 经典 景观 ， 历代 流传 歌谣 “ 看出 七匹 榜眼 ， 看出 九匹 状元 ” 。
5,漓江 景色 很棒 ， 九马 画山 只 可以 清晰 看到 一马 ， 看来 智商 问题 … …
5,桂林山水 甲天下 ， 阳朔 山水 甲 桂林 ！ 开船 师傅 很 热情 给 讲解 ！
4,去过 三次 漓江 ， 漓江 风景 固然 很 美 ， 但 船游 沿途 印象 最深 景点 还是 九马 画山 ， 每次 找 ， 但 每次 忘记 怎么 找 出来 九匹 马 ， 找来找去 四 五匹
5,从 阳朔 坐车 往返 兴坪 ， 坐 排筏 ， 桂林山水 甲天下 ， 可惜 天公不作美 ， 雾蒙蒙 ， 没有 欣赏 漓江 最美 一面
4,其实 若 光 景色 ， 当然 很 一般 啊 。 但是 结合 景色 背后 文字 数马 小 心思 当然 不错 。 走过 再 多 路 走 不出 文人 骚客 文字 。 还是 他们 玩 。
5,全程 大概 80 分钟 ， 游船 内有 讲解员 ， 晚上 景色 说实话 一般 ， 但 桂林 主要 就是 山水 ， 所以 坐坐 无妨
5,太美 ， 国庆 ， 所以 只 漂流 九马画 山到 兴坪 ， 一路 风景 很 美 ， 没有 数出 九只 马 ， 有点 遗憾 。
5,九马 画山 景区 漓江 边上 旅游胜地 ， 她 临江 而立 ， 石壁 如削 ， 景致 迷人 。 九马画 山下 峡谷 漂流 更是 天下 一绝 ， 咫尺 漓江 300 米 ， 独特 漂流 河道 设计 让 游客 如入 仙境 博舟 ， 似 画 畅游
5,漓江 风光 带上 明珠 啊 ！ 绝对 退 吸引 景观 ， 坐 着 游船 从 面前 经过 ， 好好 数数 九匹 马 吗 ？
5,九马 画山 漓江 游中 最 经典 一道 风景 ， 很 特色
5,很漂亮 桂林山水 ， 不愧 实力 山水 甲天下 【 景色 】
5,漓江 沿岸 著名 石头 ， 据说 九匹 马 ， 可 一般 只能 看出 三 四匹 ， 能 找齐 九匹 不是 凡人 。
5,坐在 游船 上 吹 着 小风 ， 听 着 导游 娓娓道来 ， 突然 豁然开朗 看到 九马 前方 时 ， 一定 很 兴奋 ！
3,九马 画山 本身 还是 漂亮 ， 只是 坐 竹筏 过去 ， 停靠 观景台 却 十分 不济 ， 建设 简陋 不说 ， 地方 还 小 ， 环境 脏乱差 ， 勉强 让 人照 张相 罢了 。
5,风景优美 ， 设施 完备 ， 精华 所在 ， 宜人 佳境 。
4,没有 什么 特别 一座 山 ， 徒步 那里 还 可以 。
4,九马 画山 ” 漓江 上 重要 景点 。 粗 只 发现 上面 一匹 大 骏马 ， 船家 指点 下 ， 终于 又 发现 几匹 ， 但 要 达到 九匹 心底 不敢苟同
5,这个 景区 二十元 背景 取景 ， 划船 师傅 一一 给 介绍 每个 区域 服务态度 非常 好 。
5,03 年 非典 时 去过 一次 ， 很少 ， 景 很 美 ， 当地 人家 热情 朴实 。 故地重游 变化 很大 。
5,第一次 的话 还是 值得 坐 坐 ， 风景 确实 不错 ， 但 师傅 是从 码头 一直 开到 九马 画山 ， 中间 不会 停 ， 然后 沿路 返回 。 所幸 这个 师傅 开船 开 那么 快 ， 可以 拍照 。
5,很 远处 能 看到 。 九马 画山 一幅 骏马 奔腾 图 。 深秋 来看 ， 水汽 最少 最 容易 看出 九匹 马
5,阳朔 坐 竹筏 游 漓江 可以 看九马 画山 。 能 不能 看到 九头 马 就要 想象力 够不够 丰富
5,九马 画山 ， 反正 看不出 九头 马
5,怎么 数 10 匹马 呢 ？ ？ ？ ？
5,九匹 马 ？ 反正 只 找到 一匹 ， 哈哈
5,【 景色 】 挺 好 啊 【 趣味 】 真不错 【 性价比 】 可以 可以
5,坐船 游 漓江 其中 比较 精华 景点 ， 山岩 上数 几匹马 ， 蛮 趣味 。
5,九马 画山 景区 漓江 边上 旅游胜地 ， 她 临江 而立 ， 石壁 如削 ， 景致 迷人 。
3,游船 游 漓江 时候 ， 导游 提醒 这里 桂林 漓江 标志 ， 自然 形成 写意画 作 。 看看 还 真的 能 数出 九匹 马来 。
5,桂林山水 甲天下 ， 阳朔 山水 甲 桂林 ， 景色 秀丽 风光 无限 ♾ ️ ， 性价比 超高
5,桂林 漓江 著名 景观 之一 ， 临江 而立 ， 壁如削 ， 远望 如 一幅 巨大 画屏 。
5,广西省 桂林市 漓江 山水 ， 九马 画山 ， 青山 绿水长流 ， 好 地方 好 风景 。
4,九马 画山 就是 山 一面 图案 ， 发挥 想象力 ， 把 隐藏 马 找 出来 ， 很 有趣 。 据说 找 越 多 ， 越 前途 ⋯
5,风景 特别 漂亮 ， 山清水秀 ， 风光 独好 ！ 空气清新 ， 适合 休闲 度假 ！
5,桂林山水 甲天下 ， 名不虚传 啊 ！ 只要 拿 手机 随手 一拍 美如画 ！
4,两个 码头 ， 需要 提前 看要 哪个 ， 坐 兴平 九马画 山段 ， 遇到 雨季 ， 水 比较 黄 ， 其他 感受 还好 ， 住 兴平 古镇 附近 ， 走走 ， 不是 很 远 ， 很 方便
5,景色 绝佳 ， 值得一看 。 山水 甲天下 。
4,漓江 上 一景 ， 距离 20 元 背景 不远 。
4,九马 画山 ~ 只能 出来 一匹 马 ， 其它 八匹 太 害羞 吗 ？
5,电动 竹筏 ， 没有 很大 噪音 ， 坐 着 挺舒服 ， 晒 能 看到 两岸 风光 很 美 ， 就是 排队 排 小时 ， 不过 排队 地方 走廊 ， 不晒 ， 很 推荐 游玩
5,【 趣味 】 【 景色 】 【 性价比 】 美丽
4,4 月 漓江 最 好玩 ， 水是 特别 清 ， 可以 看到 江下 水草 ， 显得 特别 梦幻 。 最好 不要 错过 漓江 漂流
5,九马画 山下 峡谷 漂流 更是 天下 一绝 ， 咫尺 漓江 300 米
5,这是 值得 一辈子 记忆 地方 ， 太多 会议 ， 太 美的 风景 ，
5,漓江 边上 著名景点 ， 山景 像 九匹 马 ， 故名 九马 画山
5,漓江 江畔 经典 景观 ， 试试看 能 从 山中 数出 几匹马 。
4,大家 想像力 确实 很 丰富 ， 我数 几次 不是 很 确定 …
5,桂林 很多 景点 豆超美 ， 这个 ， 超级 喜欢 ， 漂亮
5,阳朔 标志性 景观 之一 ， 可惜 眼拙 ， 看不出 九匹 马 。
5,九马 画山 是从 桂林 坐 游船 游 漓江 阳朔 时 景点
5,虽然 怎么 看不出来 九匹 马 ， 但 景色 还是 不错 。
4,九马 画山 不错 想着 专门 兴坪 来看 人民币 取 景点 ， 还有 时间 看看 呗 ， 事实证明 ， 非常 值 。
4,九马 画山 ， 看不出 九匹 马 ， 不过 周边 景色 好 ！
5,坐在 船上 跟着 导游 讲解 寻找 ， 还 真 挺 形象 。
5,桂林 漓江 边 最美 一段 ， 靠近 兴坪 ， 值得一看
5,唯妙 唯俏 ， 九马 画山 ， 数来数去 ， 只得 六匹 ！
3,生长 长江 边 ， 对 水光山色 敏感度 要 低 一些 。 兴坪 码头 出发 九马 画山 打转 回程 （ 其实 离九马 画山 还有 一段距离 ） ， 如果说 一段 漓江 精华 ， 那上 半段 恐怕 真 没什么 看头 。 包 个 机动 筏 ， 多付 75 块 省掉 拼筏 麻烦 ， 沿途 景色 未见 惊艳 。 水质 保持 得 不错 。 重要 提醒 ： 订单 成功 一定 要 打电话 预约 行程 。
1,1 不要 预定 ， 旅行社 没有 诚信度 可言 。 只要 钱 ， 景区 儿童票 半价 34 元 ， 它 这边 卖 109 ， 谁 买 谁 冤大头 。 2 景区 买票 比 找 它 订 划算 ， 才 68 一票 ， 它 119 。 坑 ！ 3 . 很多 阳朔 兴平 来往 大巴 可以 坐 。 可以 坐车去 ， 那边 买票 坐船 ， 再 坐车 回 。 那边 车站 ， 很多 车 很 方便 。 古镇 一点 不好玩 。 4 游船 广告 ， 拍照 1 张 20 。 5 ， 竹筏 没人 坐 ， 乘船 首选 ， 船 很多 ， 方便 。
5,【 景色 】 不错 【 趣味 】 不错 【 性价比 】 不错
5,旅游景点 好去处 ， 风景秀丽 ， 值得 一去 ，
5,傍晚 绝对 一流 ， 带个 广角镜头 ， 美美 拍
5,漓江 上 很 有意思 一座 山 ， 很多 故事
5,这里 景色 很 不错 ， 推荐 大家 看看
4,漂流 漓江 时 必不可少 景点 。 虽然 没有 认出 九匹 马 ， 但是 大家 还是 饶有兴趣 争论 。
5,神奇 山水 ， 神奇 景观 ， 太 神奇 ！
5,九马 画山 漓江 上 精华 景点 ， 数一数
5,风景 很 不错 ， 就是 太阳 有点 晒 ， 融化 。
5,九马 画山 漓江 阳朔 最 漂亮 一段
5,很 不错 地方 。 可以 多去 看看 哦 。
5,景色 怡人 ， 环境 优雅 ， 值得 拥有
5,漓江 上 著名 景点 ， 可是 我数 过来
5,哇 真是 太棒了 ， 很 喜欢 ， 不错呀 ！
5,这个 景点 不错 ， 机会 看看 吧
5,看不出 九匹 马 … 不过 风景 确实 优美
5,大自然 神奇 现象 ， 景色 非常 好
5,风景优美 ！ 好似 一幅 美丽 画卷 ！
5,这是 桂林市 比较 经典 景区 。
5,大自然 秘密 鬼斧神工 般的 存在
5,美美 阳朔 遇龙 河漂流 喜欢 上 这里
5,九马 画山 风景如画 ， 山水 相映 争辉
5,九马 画山 桂林山水 著名景点 。
5,非常 不错 值得 一去 推荐 大家 ！
5,景色 秀丽 环境优美 空气质量 好
5,景色 不错 值得一看 * * * * *
5,️ 中游 漓江 景色 秀丽 就是 冷
4,还 不错 ， 那天 时候 阴天 ， 云雾 缭绕 ， 两岸 青山绿水 ， 景色 挺 美的
4,临江 绝壁 山崖 上 黄 、 白 、 黑三色岩 组成 图案 隐伏 着 九匹 骏马
5,漓水 上 竹筏 行 还是 不错 就是 马达声 太响 破坏 青山绿水 幽静
4,景色 很 不错 ， 只是 选择 错 出行 工具 - 电动 竹筏 ， 好大 噪音
4,九匹 马 真的 认出来 ， 各有 神韵 ， 大自然 太 神奇 ！
4,属 漓江 游船 精华 ， 风景秀丽 ， 竹筏 游览 最好 体验 。
4,哈哈 ， 只能 哈哈 。 最大 乐趣 就是 猜猜 到底 九匹 马在 那里 。
4,比 买票 要 贵些 ， 不过 景色 还 漂亮 ， 风吹 好 舒服 啊
5,景点 非常 美 非常 值得 ， 山水 值得 观赏 ， 让 心旷神怡 啊 ， 不过 带 太小 小朋友 方便 坐 竹筏
4,杨堤 兴平 漂流 过程 可以 看到 。 就是 一座 山 ～
4,还 可以 蛮 好 ， * * * * *
4,租 竹筏 停下来 仔细观看 ， 没 数出 几匹马 。 哈哈
4,看着 评论 挺 好 。 主要 没人 讲解 。 没什么 意思
5,游船 远 看九马 画山 ， 配合 烟雨 朦胧 别有 一番 风景
4,超级 大 岩壁 ， 黑 黄白 相间 ， 漓江 之上
4,漓江 游船 时 路过 景点 ， 数出 七匹 马 ， 哈哈
4,旅游景点 ， 自古以来 ， 传说 ， 全 凭 想象 ！
4,一只 马 没 出来 ， 反而 出来 哆 啦 A 梦 。
4,漓江 地标 之一 ， 能 看清 九马 一般 。
5,很棒 ， 一路 风景如画 ， 值得 推荐 ， 九马 画山 看着 很 宏大 ， 还 打卡 20 元 人民币 景点
5,6 年前 与 6 年 景色 就是 一样 . 想念 6 年前 景色 现在 九马 画山 认识
5,当之无愧 漓江 精华 。 不过 不用 给 竹筏 师傅 小费 ， 师傅 说 允许 停下来 拍照 什么
4,九匹 骏马 ， 栩栩如生 ， 让 浮想联翩 ！
4,值得 一去 ， 阳朔 处处 景点 ， 好 漂亮
4,经典 景色 ， 漓江 游过 三次 ， 感觉 不错
3,桂林山水 之美 真的 难以言表 ， 只能 一次 又 一次 不同 季节 不同 天气 探寻
5,很 好玩 ， 虽然 气温 很 高 ， 但是 竹排 上 很 凉爽 。 开船 大叔 很 好 ， 正规 就是 好 。
4,还 可以 ， 师傅 还 不错 ， 开 得 不快
5,房子 刚 做好 不久 ， 各 方面 很 新 ， 老板 他 爸爸 很 好 ， 晚上 还 可以 搞 烧烤
5,还 行 ， 方便 电动车 接驳 。
3,好 地方 啊 哈哈 😃 😃 😃 😃 😃 😃 😃 😃 😃 😃 😃 😃 😃
5,桂林山水 甲天下 ， 漓江 风景 美如画 ， 乘坐 竹筏 画中游 ， 机会 还会来 ！
5,这个 景点 不错 ， 一定 要 玩 一下 ！ 不然 后悔 ！ ！ 景色 很 好 ， 有山有水 ！
4,景色 美 ， 但 竹筏 像 木头 ， 问 什么 简单 回答 什么 ， 景色 的确 好 ， 回来 风 很大 ， 开 得 很快 ， 时候 对 ， 有此 冷 。
5,不错 ， 比 游轮 强 ， 近距离 接触 ， 真正 体会 画中游 ， 人不多 ！
3,风景 的确 不错 ， 但 坐在 船上 一看 一个多 小时 觉得 审美疲劳 。
5,想游 漓江 又 不想 坐 大船 可以 选择 竹筏 ， 唯一 缺点 就是 杨堤 方便
3,山是 好山 ， 沿途 景色 不错 ， 但九马 画山 名字 取得 有点 牵强 。
3,现在 时代 ， 竹筏 工人 离 钱 说话 。 哎 ， 下次 不回 再 来 。
5,漓江 风景 名不虚传 ， 九马 画山 看得出 五匹 马 ， 嘿嘿
4,其实 是从 兴坪 码头 坐个 竹筏 顺江 往返 ， 现在 拍摄 点 取缔 ， 小时 就是 江上 看看 风景 。
4,天 比较 冷 ， 兴坪 九马 往返 线路 ， 竹筏 过程 有点 没趣
4,天 比较 冷 ， 兴坪 九马 往返 线路 ， 竹筏 过程 有点 没趣
4,天 比较 冷 ， 兴坪 九马 往返 线路 ， 竹筏 过程 有点 没趣
5,坐 竹筏 游 漓江 ， 景色 很 美 ， 一种 画中游 感觉
3,这个 标题 骗人 嫌疑 啊 ？ 潦草 九马 画山 ， 什么 * * * * * * * * * * * * * * * * * * * * * * * * * * * * * * * * * * * * ！ ！
5,漓江 经典 景点 之一 ， 虽然 没 出来 几匹马 。
5,坐 竹筏 水 有时候 溅 起 注意 最好 拿个 衣服 挡 着 些
4,当天 突发 情况 ， 上午 9 : 30 临时 停航 。 浪费 半天 时间 ， 一直 等到 下午 。 四星 给 风景
5,漓江 看九马 画山 ， 发挥 想象力 ， 还 不错
3,有点 意思 ， 但是 觉得 名声 大于 实际 。 。 。 。
5,很 好玩 ， 山清水秀 ， 坐船 吹 着 风超 舒服 ！
5,漂流 还 不错 ， 就是 空 人交 25 补差
3,完全 要 靠 想象 ， 不然 真的 看不出来 马 ！
5,很 好 景点 。 拿票 非常 方便 。 迁赞 。
5,核心 风景区 ， 不用 坐 大船 浪费时间 。
3,桂林山水 甲天下 ， 漓江 风景 冠 桂林 。
3,桂林山水 甲天下 ， 九马画 山冠 漓江 。
5,体验 很 好 ， 值得 推荐 ， 景色 不错 ，
5,导游 很 好 ， 行程 不错 。 风景 美 。
5,取票 非常 方便 ， 不错 ， 景色 如画 ！
5,冬天 建议 ， 非常 冷 呀呀 呀呀 呀
5,很 美 ， 下雨 有点 冷 ， 其它 还好 ，
5,还是 不错 ， 好山好水 ！ 好 风景 ！
2,性价比 高 ， 不去 后悔 更 后悔 ， 宣传 那样 符合
5,山水 如画 ， 热情 服务质量 好点 赞
5,沿途 风景 好 ， 乘坐 安全 舒适 。
5,沿途 风景 好 ， 乘坐 安全 舒适 。
5,好好 好好 好好 好好 好好 好好
5,景色 绝对 优美 ， 值得 来 一次
5,* * *
5,还行 吧 一般般 价格 有点 贵
4,挺 好 ， 导游 挺 好 ， 就是 吃饭 那个 山庄 贵 点 ， 不过 自愿 消费
5,可以 ， 方便快捷 ， 推荐
5,感觉 很 好 ， 风景 很 美
4,天 比较 冷 ， 兴坪 九马 往返 线路 ， 竹筏 过程 有点 没趣 ， 其他 还好
5,值得 推荐 路线
5,可以 可以 可以
4,那天 有雾 ， 伐子 开到 很 近 距离 才能 看到 。
4,风景 还 不错 ， 就是 天气炎热 取票 耽搁 些 时间
4,巨多 ， 排队 影响 心情 ， 客车 师傅 很 好
2,景区 玩 两三个 小时 。 从 景区 出来 ， 往 桂林 走 ， 出 兴平 景区 不到 两公里 路 堵车 赌 四个 小时 ， 相信 真的 吗 ？ 风景 美的 。 配套 设施 ， 基础 建设 ， 路路路 ， 太 差劲 。 节假日 真 不敢 来 ， 来 堵死 。
4,还行 吧 ， 天气 不好 阴
4,景色 非常 美
3,当地 地接 价格 才 70 携程 价格 贵 接近 一倍
3,比 现场 买贵 ， 感觉 被 坑
1,两岸 风景 还 行 ， 不过 什么 九马 画山 完全 就是 忽悠 噱头 ， 就是 一匹 山 ， 什么 九马七马 ， 没有 没有 阳朔 风景 差 这点 吗 ？ 非 要 整个 没 出来 ， 寒碜 真 有意思 …
2,景是 美的 ， 但 旅游 服务 糟透了 ， 携程 上订 九马 画山 竹筏 游 ， 杨 堤上 船 ， 头天 电话 咨询 取票 事宜 ， 告之 游览 日期 当日 8 ： 45 至 12 ： 30 为 游览 时间 ， 取票 应 8 ： 30 取 ， 赶早 以后 取票 点 应关 门 ， 于是 打电话 咨询 ， 告之 工作人员 要 9 : 00 以后 上班 。 等到 9 : 30 取票 点 仍 未 开门 ， 再次 电话 问 ， 又 被告 之 12 ： 30 才 出票 。 12 ： 30 取票 携程 委托 这家 ， 杨堤 维一 一家 取票 点 又 将 二人 拼船 时 又 搞错 ， 拼成 半途 返回 另 二人 ( 他们 费用 比 低 ， 登船 时船 老告 之 游 比 他们 远 ， 并且 返回 ， 码头 后坐 电瓶车 兴坪 古镇 游览 。 很 恼火 ， 如此 湖弄 ， 诚信 何在 ？
1,好 差劲 ， 竹筏 建议 不要 坐好 坑 。 步行 可以 完全 景 。
1,就是 坑人 玩意 ， 景区 如果 买 的话 95 ， 他收 155 ， 还 一分 没退 ， 真的 对 这个 行程 太 失望 ， 大家 不要 相信 景区 已经 没有 票 这种 话 ， 真的 骗 鬼 ， 大家 不要 相信 扬 堤段 竹筏 价格 ， 直接 景区 95
1,这个 票 买 太 坑人 ， 明明 写 着 可以 自行 景点 换票 ， 结果 发短信 说 还有 提前 预定 ， 走 时候 匆忙 没有 仔细 ， 景点 等 两个 半小时 ， 而且 景区 卖票 95 元 ， 这边 买 110 元 。 重点 ， 风景 一点 好看 ， 还 不如 世外桃源 。 不想 多 说
1,桂林 山水 ， 很 不错 ！ 可是 被 不良 商家 搞 不成 样子 ！
2,异常 拥堵 ， 码头 指示 清晰 ， 电动 ， 还有 油 发动 ， 害 多 跑 好久 路程
1,太 糟心 ， 花 钱 连 张 照片 照 不了 ， 这是 什么 管理 规定 呀 ！ 站 起来 、 原地不动 不行 。
1,买 五张 票 ， 结果 1.3 米 小孩 让 抱 着 ， 五个 坐 竹筏 ， 坑 120
1,里面 抢钱 一样 停车 。 风景 还 行 ， 不过 没有 如画
1,买 竹筏 ， 才 知道 游船 ， 分 很多 小类 ， 游船 一点 不好
1,环境 太 差 ， 太脏
1,* * *
